prefix,aws,microsoft
20240301T0000Z,2441,2441
20240301T0600Z,1603,1603
20240301T1200Z,2441,2441
20240301T1800Z,1603,1603
20240302T0000Z,2441,2441
20240302T0600Z,1603,1603
20240302T1200Z,2441,2441
20240302T1800Z,1603,1603
20240303T0000Z,2441,2441
20240303T0600Z,1603,1603
20240303T1200Z,2441,2441
20240303T1800Z,1603,1603
20240304T0000Z,2441,2441
20240304T0600Z,1603,1603
20240304T1200Z,2441,2441
20240304T1800Z,1603,1603
20240305T0000Z,2441,2441
20240305T0600Z,1603,1603
20240305T1200Z,2441,2441
20240305T1800Z,1603,1603
20240306T0000Z,2441,2441
20240306T0600Z,1603,1603
20240306T1200Z,2441,2441
20240306T1800Z,1603,1603
20240307T0000Z,2441,2441
20240307T0600Z,1603,1603
20240307T1200Z,2441,2441
20240307T1800Z,1603,1603
20240308T0000Z,2441,2441
20240308T0600Z,1603,1603
20240308T1200Z,2441,2441
20240308T1800Z,1603,1603
20240309T0000Z,2441,2441
20240309T0600Z,1603,1603
20240309T1200Z,2441,1003
20240309T1800Z,1603,0
20240310T0000Z,2441,0
20240310T0600Z,1603,0
20240310T1200Z,2441,0
20240310T1800Z,1603,0
20240311T0000Z,2441,0
20240311T0600Z,1603,0
20240311T1200Z,2441,0
20240311T1800Z,1603,0
20240312T0000Z,2441,0
20240312T0600Z,1603,0
20240312T1200Z,2441,0
20240312T1800Z,1603,0
20240313T0000Z,2441,0
20240313T0600Z,1603,0
20240313T1200Z,2441,0
20240313T1800Z,1603,0
20240314T0000Z,2441,0
20240314T0600Z,1603,0
20240314T1200Z,2441,0
20240314T1800Z,1603,0
20240315T0000Z,2441,0
20240315T0600Z,1603,0
20240315T1200Z,2441,0
20240315T1800Z,1603,0
20240316T0000Z,2441,0
20240316T0600Z,1603,0
20240316T1200Z,2441,0
20240316T1800Z,1603,0
20240317T0000Z,2441,0
20240317T0600Z,1603,0
20240317T1200Z,2441,0
20240317T1800Z,1603,0
20240318T0000Z,2441,0
20240318T0600Z,1603,0
20240318T1200Z,2441,0
20240318T1800Z,1603,0
20240319T0000Z,2441,0
20240319T0600Z,1603,0
20240319T1200Z,2441,0
20240319T1800Z,1603,0
20240320T0000Z,2441,0
20240320T0600Z,1603,0
20240320T1200Z,2441,0
20240320T1800Z,1603,0
20240321T0000Z,2441,0
20240321T0600Z,1603,0
20240321T1200Z,2441,0
20240321T1800Z,1603,0
20240322T0000Z,2441,0
20240322T0600Z,1603,0
20240322T1200Z,2441,0
20240322T1800Z,1603,0
20240323T0000Z,2441,0
20240323T0600Z,1603,0
20240323T1200Z,2441,0
20240323T1800Z,1603,0
20240324T0000Z,2441,0
20240324T0600Z,1603,0
20240324T1200Z,2441,0
20240324T1800Z,1603,0
20240325T0000Z,2441,0
20240325T0600Z,1603,0
20240325T1200Z,2441,0
20240325T1800Z,1603,0
20240326T0000Z,2441,0
20240326T0600Z,1603,0
20240326T1200Z,2441,0
20240326T1800Z,1603,0
20240327T0000Z,2441,0
20240327T0600Z,1603,0
20240327T1200Z,2441,0
20240327T1800Z,1603,0
20240328T0000Z,2441,0
20240328T0600Z,1603,0
20240328T1200Z,2441,0
20240328T1800Z,1603,0
20240329T0000Z,2441,0
20240329T0600Z,1603,0
20240329T1200Z,2441,0
20240329T1800Z,1603,0
20240330T0000Z,2441,0
20240330T0600Z,1603,0
20240330T1200Z,2441,0
20240330T1800Z,1603,0
20240331T0000Z,2441,0
20240331T0600Z,1603,0
20240331T1200Z,2441,0
20240331T1800Z,1603,0
20240401T0000Z,2441,2441
20240401T0600Z,1603,1603
20240401T1200Z,2441,2441
20240401T1800Z,1603,1603
20240402T0000Z,2441,2441
20240402T0600Z,1603,1603
20240402T1200Z,2441,2441
20240402T1800Z,1603,1603
20240403T0000Z,2441,2441
20240403T0600Z,1603,1603
20240403T1200Z,2441,2441
20240403T1800Z,1603,1603
20240404T0000Z,2441,2441
20240404T0600Z,1603,1603
20240404T1200Z,2441,2441
20240404T1800Z,1603,1603
20240405T0000Z,2441,2441
20240405T0600Z,1603,1603
20240405T1200Z,2441,2441
20240405T1800Z,1603,1603
20240406T0000Z,2441,2441
20240406T0600Z,1603,1603
20240406T1200Z,2441,2441
20240406T1800Z,1603,1603
20240407T0000Z,2441,2441
20240407T0600Z,1603,1603
20240407T1200Z,2441,2441
20240407T1800Z,1603,1603
20240408T0000Z,2441,2441
20240408T0600Z,1603,1603
20240408T1200Z,2441,2441
20240408T1800Z,1603,1603
20240409T0000Z,2441,2441
20240409T0600Z,1603,1603
20240409T1200Z,2441,2441
20240409T1800Z,1603,1603
20240410T0000Z,2441,2441
20240410T0600Z,1603,1603
20240410T1200Z,2441,2441
20240410T1800Z,1603,1603
20240411T0000Z,2441,2441
20240411T0600Z,1603,1603
20240411T1200Z,2441,2441
20240411T1800Z,1603,1603
20240412T0000Z,2441,46
20240412T0600Z,1603,0
20240412T1200Z,2441,0
20240412T1800Z,1603,0
20240413T0000Z,2441,0
20240413T0600Z,1603,0
20240413T1200Z,2441,0
20240413T1800Z,1603,0
20240414T0000Z,2441,0
20240414T0600Z,1603,0
20240414T1200Z,2441,0
20240414T1800Z,1603,0
20240415T0000Z,2441,0
20240415T0600Z,1603,0
20240415T1200Z,2441,0
20240415T1800Z,1603,0
20240416T0000Z,2441,0
20240416T0600Z,1603,0
20240416T1200Z,2441,0
20240416T1800Z,1603,0
20240417T0000Z,2441,0
20240417T0600Z,1603,0
20240417T1200Z,2441,0
20240417T1800Z,1603,0
20240418T0000Z,2441,0
20240418T0600Z,1603,0
20240418T1200Z,2441,0
20240418T1800Z,1603,0
20240419T0000Z,2441,0
20240419T0600Z,1603,0
20240419T1200Z,2441,0
20240419T1800Z,1603,0
20240420T0000Z,2441,0
20240420T0600Z,1603,0
20240420T1200Z,2441,0
20240420T1800Z,1603,0
20240421T0000Z,2441,0
20240421T0600Z,1603,0
20240421T1200Z,2441,0
20240421T1800Z,1603,0
20240422T0000Z,2441,0
20240422T0600Z,1603,0
20240422T1200Z,2441,0
20240422T1800Z,1603,0
20240423T0000Z,2441,0
20240423T0600Z,1603,0
20240423T1200Z,2441,0
20240423T1800Z,1603,0
20240424T0000Z,2441,0
20240424T0600Z,1603,0
20240424T1200Z,2441,0
20240424T1800Z,1603,0
20240425T0000Z,2441,0
20240425T0600Z,1603,0
20240425T1200Z,2441,0
20240425T1800Z,1603,0
20240426T0000Z,2441,0
20240426T0600Z,1603,0
20240426T1200Z,2441,0
20240426T1800Z,1603,0
20240427T0000Z,2441,0
20240427T0600Z,1603,0
20240427T1200Z,2441,0
20240427T1800Z,1603,0
20240428T0000Z,2441,0
20240428T0600Z,1603,0
20240428T1200Z,2441,0
20240428T1800Z,1603,0
20240429T0000Z,2441,0
20240429T0600Z,1603,0
20240429T1200Z,2441,0
20240429T1800Z,1603,0
20240430T0000Z,2441,0
20240430T0600Z,1603,0
20240430T1200Z,2441,0
20240430T1800Z,1603,0
20240501T0000Z,2441,2441
20240501T0600Z,1603,1603
20240501T1200Z,2441,2441
20240501T1800Z,1603,1603
20240502T0000Z,2441,2441
20240502T0600Z,1603,1603
20240502T1200Z,2441,2441
20240502T1800Z,1603,1603
20240503T0000Z,2441,2441
20240503T0600Z,1603,1603
20240503T1200Z,2441,2441
20240503T1800Z,1603,1603
20240504T0000Z,2441,2441
20240504T0600Z,1603,1603
20240504T1200Z,2441,2441
20240504T1800Z,1603,1603
20240505T0000Z,2441,2441
20240505T0600Z,1603,1603
20240505T1200Z,2441,2441
20240505T1800Z,1603,1603
20240506T0000Z,2441,2441
20240506T0600Z,1603,1603
20240506T1200Z,2441,2441
20240506T1800Z,1603,1603
20240507T0000Z,2441,2441
20240507T0600Z,1603,1603
20240507T1200Z,2441,2441
20240507T1800Z,1603,1603
20240508T0000Z,2441,2441
20240508T0600Z,1603,1603
20240508T1200Z,2441,2441
20240508T1800Z,1603,1603
20240509T0000Z,2441,2441
20240509T0600Z,1603,1603
20240509T1200Z,2441,2441
20240509T1800Z,1603,1603
20240510T0000Z,2441,373
20240510T0600Z,1603,0
20240510T1200Z,2441,0
20240510T1800Z,1603,0
20240511T0000Z,2441,0
20240511T0600Z,1603,0
20240511T1200Z,2441,0
20240511T1800Z,1603,0
20240512T0000Z,2441,0
20240512T0600Z,1603,0
20240512T1200Z,2441,0
20240512T1800Z,1603,0
20240513T0000Z,2441,0
20240513T0600Z,1603,0
20240513T1200Z,2441,0
20240513T1800Z,1603,0
20240514T0000Z,2441,0
20240514T0600Z,1603,4
20240514T1200Z,2441,0
20240514T1800Z,1603,0
20240515T0000Z,2441,0
20240515T0600Z,1603,0
20240515T1200Z,2441,0
20240515T1800Z,1603,0
20240516T0000Z,2441,0
20240516T0600Z,1603,0
20240516T1200Z,2441,31
20240516T1800Z,1603,17
20240517T0000Z,2441,0
20240517T0600Z,1603,0
20240517T1200Z,2441,0
20240517T1800Z,1603,0
20240518T0000Z,2441,0
20240518T0600Z,1603,0
20240518T1200Z,2441,0
20240518T1800Z,1603,0
20240519T0000Z,2441,0
20240519T0600Z,1603,0
20240519T1200Z,2441,1
20240519T1800Z,1603,0
20240520T0000Z,2441,0
20240520T0600Z,1603,0
20240520T1200Z,2441,0
20240520T1800Z,1603,0
20240521T0000Z,2441,0
20240521T0600Z,1603,0
20240521T1200Z,2441,14
20240521T1800Z,1603,12
20240522T0000Z,2441,37
20240522T0600Z,1603,12
20240522T1200Z,2441,55
20240522T1800Z,1603,20
20240523T0000Z,2441,34
20240523T0600Z,1603,17
20240523T1200Z,2441,29
20240523T1800Z,1603,24
20240524T0000Z,2441,0
20240524T0600Z,1603,1
20240524T1200Z,2441,0
20240524T1800Z,1603,0
20240525T0000Z,2441,0
20240525T0600Z,1603,0
20240525T1200Z,2441,0
20240525T1800Z,1603,0
20240526T0000Z,2441,0
20240526T0600Z,1603,0
20240526T1200Z,2441,25
20240526T1800Z,1603,21
20240527T0000Z,2441,26
20240527T0600Z,1603,13
20240527T1200Z,2441,69
20240527T1800Z,1603,10
20240528T0000Z,2441,60
20240528T0600Z,1603,12
20240528T1200Z,2441,22
20240528T1800Z,1603,14
20240529T0000Z,2441,26
20240529T0600Z,1603,33
20240529T1200Z,2441,51
20240529T1800Z,1603,580
20240530T0000Z,2441,1496
20240530T0600Z,1603,1334
20240530T1200Z,2441,2265
20240530T1800Z,1603,1596
20240531T0000Z,2441,0
20240531T0600Z,1603,18
20240531T1200Z,2441,31
20240531T1800Z,1603,12
20240601T0000Z,2441,1852
20240601T0600Z,1603,1383
20240601T1200Z,2441,1853
20240601T1800Z,1603,1272
20240602T0000Z,2441,1908
20240602T0600Z,1603,1171
20240602T1200Z,2441,1877
20240602T1800Z,1603,1164
20240603T0000Z,2441,1915
20240603T0600Z,1603,1203
20240603T1200Z,2441,1944
20240603T1800Z,1603,1383
20240604T0000Z,2441,2287
20240604T0600Z,1603,1546
20240604T1200Z,2441,2414
20240604T1800Z,1603,1603
20240605T0000Z,2441,2441
20240605T0600Z,1603,1603
20240605T1200Z,2441,2437
20240605T1800Z,1603,1602
20240606T0000Z,2441,2371
20240606T0600Z,1603,1592
20240606T1200Z,2441,2406
20240606T1800Z,1603,1585
20240607T0000Z,2441,1796
20240607T0600Z,1603,1237
20240607T1200Z,2441,1820
20240607T1800Z,1603,1185
20240608T0000Z,2441,1743
20240608T0600Z,1603,1345
20240608T1200Z,2441,2158
20240608T1800Z,1603,1433
20240609T0000Z,2441,2180
20240609T0600Z,1603,1602
20240609T1200Z,2441,2435
20240609T1800Z,1603,1598
20240610T0000Z,2441,2429
20240610T0600Z,1603,1599
20240610T1200Z,2441,2194
20240610T1800Z,1603,1569
20240611T0000Z,2441,2242
20240611T0600Z,1603,1545
20240611T1200Z,2441,2412
20240611T1800Z,1603,1469
20240612T0000Z,2441,2173
20240612T0600Z,1603,1311
20240612T1200Z,2441,2002
20240612T1800Z,1603,1286
20240613T0000Z,2441,1959
20240613T0600Z,1603,1313
20240613T1200Z,2441,1983
20240613T1800Z,1603,1283
20240614T0000Z,2441,2285
20240614T0600Z,1603,1599
20240614T1200Z,2441,2435
20240614T1800Z,1603,1598
20240615T0000Z,2441,2438
20240615T0600Z,1603,1597
20240615T1200Z,2441,2192
20240615T1800Z,1603,1493
20240616T0000Z,2441,2342
20240616T0600Z,1603,1532
20240616T1200Z,2441,2327
20240616T1800Z,1603,1439
20240617T0000Z,2441,2084
20240617T0600Z,1603,1343
20240617T1200Z,2441,1964
20240617T1800Z,1603,1287
20240618T0000Z,2441,1936
20240618T0600Z,1603,1302
20240618T1200Z,2441,1965
20240618T1800Z,1603,1279
20240619T0000Z,2441,1969
20240619T0600Z,1603,1299
20240619T1200Z,2441,1963
20240619T1800Z,1603,1257
20240620T0000Z,2441,1797
20240620T0600Z,1603,1068
20240620T1200Z,2441,1609
20240620T1800Z,1603,1028
20240621T0000Z,2441,2366
20240621T0600Z,1603,1600
20240621T1200Z,2441,2278
20240621T1800Z,1603,1424
20240622T0000Z,2441,2039
20240622T0600Z,1603,1352
20240622T1200Z,2441,1982
20240622T1800Z,1603,1286
20240623T0000Z,2441,1990
20240623T0600Z,1603,1280
20240623T1200Z,2441,1992
20240623T1800Z,1603,1259
20240624T0000Z,2441,1930
20240624T0600Z,1603,1255
20240624T1200Z,2441,1924
20240624T1800Z,1603,1269
20240625T0000Z,2441,1784
20240625T0600Z,1603,1130
20240625T1200Z,2441,1665
20240625T1800Z,1603,1003
20240626T0000Z,2441,1515
20240626T0600Z,1603,957
20240626T1200Z,2441,1478
20240626T1800Z,1603,943
20240627T0000Z,2441,1319
20240627T0600Z,1603,915
20240627T1200Z,2441,1367
20240627T1800Z,1603,852
20240628T0000Z,2441,1956
20240628T0600Z,1603,1242
20240628T1200Z,2441,1972
20240628T1800Z,1603,1265
20240629T0000Z,2441,1940
20240629T0600Z,1603,1288
20240629T1200Z,2441,1979
20240629T1800Z,1603,1241
20240630T0000Z,2441,1775
20240630T0600Z,1603,1054
20240630T1200Z,2441,1577
20240630T1800Z,1603,980
20240701T0000Z,2441,2370
20240701T0600Z,1603,1544
20240701T1200Z,2441,2399
20240701T1800Z,1603,1537
20240702T0000Z,2441,2342
20240702T0600Z,1603,1516
20240702T1200Z,2441,2330
20240702T1800Z,1603,1561
20240703T0000Z,2441,2398
20240703T0600Z,1603,1550
20240703T1200Z,2441,2363
20240703T1800Z,1603,1568
20240704T0000Z,2441,2348
20240704T0600Z,1603,1563
20240704T1200Z,2441,2335
20240704T1800Z,1603,1567
20240705T0000Z,2441,2399
20240705T0600Z,1603,1549
20240705T1200Z,2441,2376
20240705T1800Z,1603,1576
20240706T0000Z,2441,2351
20240706T0600Z,1603,1569
20240706T1200Z,2441,2353
20240706T1800Z,1603,1544
20240707T0000Z,2441,2313
20240707T0600Z,1603,1568
20240707T1200Z,2441,2312
20240707T1800Z,1603,1558
20240708T0000Z,2441,2384
20240708T0600Z,1603,1548
20240708T1200Z,2441,2334
20240708T1800Z,1603,1508
20240709T0000Z,2441,2364
20240709T0600Z,1603,1524
20240709T1200Z,2441,2349
20240709T1800Z,1603,915
20240710T0000Z,2441,1369
20240710T0600Z,1603,882
20240710T1200Z,2441,1355
20240710T1800Z,1603,900
20240711T0000Z,2441,1344
20240711T0600Z,1603,896
20240711T1200Z,2441,1460
20240711T1800Z,1603,940
20240712T0000Z,2441,1338
20240712T0600Z,1603,837
20240712T1200Z,2441,1304
20240712T1800Z,1603,897
20240713T0000Z,2441,1319
20240713T0600Z,1603,893
20240713T1200Z,2441,1348
20240713T1800Z,1603,907
20240714T0000Z,2441,1292
20240714T0600Z,1603,909
20240714T1200Z,2441,1370
20240714T1800Z,1603,878
20240715T0000Z,2441,1376
20240715T0600Z,1603,833
20240715T1200Z,2441,1340
20240715T1800Z,1603,911
20240716T0000Z,2441,1371
20240716T0600Z,1603,899
20240716T1200Z,2441,1490
20240716T1800Z,1603,1006
20240717T0000Z,2441,1509
20240717T0600Z,1603,983
20240717T1200Z,2441,1550
20240717T1800Z,1603,1008
20240718T0000Z,2441,1458
20240718T0600Z,1603,986
20240718T1200Z,2441,1389
20240718T1800Z,1603,957
20240719T0000Z,2441,1367
20240719T0600Z,1603,894
20240719T1200Z,2441,1403
20240719T1800Z,1603,921
20240720T0000Z,2441,1405
20240720T0600Z,1603,884
20240720T1200Z,2441,1354
20240720T1800Z,1603,907
20240721T0000Z,2441,1380
20240721T0600Z,1603,919
20240721T1200Z,2441,1422
20240721T1800Z,1603,967
20240722T0000Z,2441,1477
20240722T0600Z,1603,946
20240722T1200Z,2441,1474
20240722T1800Z,1603,977
20240723T0000Z,2441,1507
20240723T0600Z,1603,986
20240723T1200Z,2441,1444
20240723T1800Z,1603,969
20240724T0000Z,2441,1387
20240724T0600Z,1603,986
20240724T1200Z,2441,1487
20240724T1800Z,1603,1000
20240725T0000Z,2441,1525
20240725T0600Z,1603,980
20240725T1200Z,2441,1409
20240725T1800Z,1603,933
20240726T0000Z,2441,1389
20240726T0600Z,1603,954
20240726T1200Z,2441,1483
20240726T1800Z,1603,990
20240727T0000Z,2441,1522
20240727T0600Z,1603,1010
20240727T1200Z,2441,1492
20240727T1800Z,1603,1012
20240728T0000Z,2441,1404
20240728T0600Z,1603,952
20240728T1200Z,2441,1392
20240728T1800Z,1603,958
20240729T0000Z,2441,1505
20240729T0600Z,1603,988
20240729T1200Z,2441,1501
20240729T1800Z,1603,1007
20240730T0000Z,2441,1476
20240730T0600Z,1603,939
20240730T1200Z,2441,1479
20240730T1800Z,1603,975
20240731T0000Z,2441,1469
20240731T0600Z,1603,1014
20240731T1200Z,2441,1509
20240731T1800Z,1603,994
20240801T0000Z,2441,2441
20240801T0600Z,1603,1603
20240801T1200Z,2441,2441
20240801T1800Z,1603,1603
20240802T0000Z,2441,2441
20240802T0600Z,1603,1603
20240802T1200Z,2441,2441
20240802T1800Z,1603,1603
20240803T0000Z,2441,2441
20240803T0600Z,1603,1603
20240803T1200Z,2441,2441
20240803T1800Z,1603,1603
20240804T0000Z,2441,2441
20240804T0600Z,1603,1603
20240804T1200Z,2441,2441
20240804T1800Z,1603,1603
20240805T0000Z,2441,2441
20240805T0600Z,1603,1603
20240805T1200Z,2441,2441
20240805T1800Z,1603,1603
20240806T0000Z,2441,2441
20240806T0600Z,1603,1603
20240806T1200Z,2441,2441
20240806T1800Z,1603,1603
20240807T0000Z,2441,2441
20240807T0600Z,1603,1603
20240807T1200Z,2441,2441
20240807T1800Z,1603,1603
20240808T0000Z,2441,2441
20240808T0600Z,1603,1603
20240808T1200Z,2441,2441
20240808T1800Z,1603,1603
20240809T0000Z,2441,2441
20240809T0600Z,1603,1603
20240809T1200Z,2441,2441
20240809T1800Z,1603,1603
20240810T0000Z,2441,2441
20240810T0600Z,1603,1603
20240810T1200Z,2441,2189
20240810T1800Z,1603,987
20240811T0000Z,2441,1477
20240811T0600Z,1603,979
20240811T1200Z,2441,1567
20240811T1800Z,1603,1021
20240812T0000Z,2441,1505
20240812T0600Z,1603,1016
20240812T1200Z,2441,1554
20240812T1800Z,1603,967
20240813T0000Z,2441,1488
20240813T0600Z,1603,1028
20240813T1200Z,2441,1581
20240813T1800Z,1603,1022
20240814T0000Z,2441,1583
20240814T0600Z,1603,1020
20240814T1200Z,2441,1473
20240814T1800Z,1603,979
20240815T0000Z,2441,1460
20240815T0600Z,1603,1023
20240815T1200Z,2441,1485
20240815T1800Z,1603,1043
20240816T0000Z,2441,1475
20240816T0600Z,1603,1013
20240816T1200Z,2441,1552
20240816T1800Z,1603,1040
20240817T0000Z,2441,1533
20240817T0600Z,1603,1027
20240817T1200Z,2441,1499
20240817T1800Z,1603,964
20240818T0000Z,2441,1494
20240818T0600Z,1603,992
20240818T1200Z,2441,1554
20240818T1800Z,1603,1043
20240819T0000Z,2441,1614
20240819T0600Z,1603,1000
20240819T1200Z,2441,1556
20240819T1800Z,1603,962
20240820T0000Z,2441,1485
20240820T0600Z,1603,1000
20240820T1200Z,2441,1508
20240820T1800Z,1603,1012
20240821T0000Z,2441,1506
20240821T0600Z,1603,1042
20240821T1200Z,2441,1493
20240821T1800Z,1603,957
20240822T0000Z,2441,1462
20240822T0600Z,1603,1031
20240822T1200Z,2441,1532
20240822T1800Z,1603,1028
20240823T0000Z,2441,1506
20240823T0600Z,1603,1036
20240823T1200Z,2441,1545
20240823T1800Z,1603,1020
20240824T0000Z,2441,1560
20240824T0600Z,1603,1002
20240824T1200Z,2441,1536
20240824T1800Z,1603,962
20240825T0000Z,2441,1533
20240825T0600Z,1603,1033
20240825T1200Z,2441,1520
20240825T1800Z,1603,1043
20240826T0000Z,2441,1528
20240826T0600Z,1603,983
20240826T1200Z,2441,1484
20240826T1800Z,1603,965
20240827T0000Z,2441,1488
20240827T0600Z,1603,954
20240827T1200Z,2441,1534
20240827T1800Z,1603,1018
20240828T0000Z,2441,1504
20240828T0600Z,1603,988
20240828T1200Z,2441,1443
20240828T1800Z,1603,944
20240829T0000Z,2441,1492
20240829T0600Z,1603,1005
20240829T1200Z,2441,1490
20240829T1800Z,1603,1033
20240830T0000Z,2441,1522
20240830T0600Z,1603,1005
20240830T1200Z,2441,1551
20240830T1800Z,1603,1006
20240831T0000Z,2441,1508
20240831T0600Z,1603,982
20240831T1200Z,2441,1491
20240831T1800Z,1603,998
20240901T0000Z,2441,2441
20240901T0600Z,1603,1603
20240901T1200Z,2441,2441
20240901T1800Z,1603,1603
20240902T0000Z,2441,2441
20240902T0600Z,1603,1603
20240902T1200Z,2441,2441
20240902T1800Z,1603,1603
20240903T0000Z,2441,2441
20240903T0600Z,1603,1603
20240903T1200Z,2441,2441
20240903T1800Z,1603,1603
20240904T0000Z,2441,2441
20240904T0600Z,1603,1603
20240904T1200Z,2441,2441
20240904T1800Z,1603,1603
20240905T0000Z,2441,2441
20240905T0600Z,1603,1603
20240905T1200Z,2441,2441
20240905T1800Z,1603,1603
20240906T0000Z,2441,2441
20240906T0600Z,1603,1603
20240906T1200Z,2441,2441
20240906T1800Z,1603,1603
20240907T0000Z,2441,2441
20240907T0600Z,1603,1603
20240907T1200Z,2441,2441
20240907T1800Z,1603,1603
20240908T0000Z,2441,2441
20240908T0600Z,1603,1603
20240908T1200Z,2441,2441
20240908T1800Z,1603,1603
20240909T0000Z,2441,2441
20240909T0600Z,1603,1603
20240909T1200Z,2441,2441
20240909T1800Z,1603,1603
20240910T0000Z,2441,2441
20240910T0600Z,1603,1603
20240910T1200Z,2441,1924
20240910T1800Z,1603,960
20240911T0000Z,2441,1464
20240911T0600Z,1603,988
20240911T1200Z,2441,1482
20240911T1800Z,1603,979
20240912T0000Z,2441,1504
20240912T0600Z,1603,1058
20240912T1200Z,2441,1537
20240912T1800Z,1603,994
20240913T0000Z,2441,1532
20240913T0600Z,1603,991
20240913T1200Z,2441,1565
20240913T1800Z,1603,1010
20240914T0000Z,2441,1469
20240914T0600Z,1603,1011
20240914T1200Z,2441,1516
20240914T1800Z,1603,997
20240915T0000Z,2441,1501
20240915T0600Z,1603,967
20240915T1200Z,2441,1514
20240915T1800Z,1603,978
20240916T0000Z,2441,1416
20240916T0600Z,1603,1010
20240916T1200Z,2441,1539
20240916T1800Z,1603,1000
20240917T0000Z,2441,1561
20240917T0600Z,1603,1032
20240917T1200Z,2441,1557
20240917T1800Z,1603,976
20240918T0000Z,2441,1481
20240918T0600Z,1603,984
20240918T1200Z,2441,1506
20240918T1800Z,1603,974
20240919T0000Z,2441,1494
20240919T0600Z,1603,945
20240919T1200Z,2441,1426
20240919T1800Z,1603,964
20240920T0000Z,2441,1558
20240920T0600Z,1603,1010
20240920T1200Z,2441,1494
20240920T1800Z,1603,985
20240921T0000Z,2441,1500
20240921T0600Z,1603,1046
20240921T1200Z,2441,1495
20240921T1800Z,1603,973
20240922T0000Z,2441,1546
20240922T0600Z,1603,1026
20240922T1200Z,2441,1499
20240922T1800Z,1603,974
20240923T0000Z,2441,1496
20240923T0600Z,1603,1023
20240923T1200Z,2441,1496
20240923T1800Z,1603,1005
20240924T0000Z,2441,1457
20240924T0600Z,1603,976
20240924T1200Z,2441,1436
20240924T1800Z,1603,996
20240925T0000Z,2441,1535
20240925T0600Z,1603,922
20240925T1200Z,2441,1541
20240925T1800Z,1603,976
20240926T0000Z,2441,1587
20240926T0600Z,1603,980
20240926T1200Z,2441,1513
20240926T1800Z,1603,972
20240927T0000Z,2441,1545
20240927T0600Z,1603,979
20240927T1200Z,2441,1463
20240927T1800Z,1603,979
20240928T0000Z,2441,1531
20240928T0600Z,1603,999
20240928T1200Z,2441,1477
20240928T1800Z,1603,970
20240929T0000Z,2441,1531
20240929T0600Z,1603,995
20240929T1200Z,2441,1488
20240929T1800Z,1603,963
20240930T0000Z,2441,1505
20240930T0600Z,1603,979
20240930T1200Z,2441,1521
20240930T1800Z,1603,1004
20241001T0000Z,2441,2388
20241001T0600Z,1603,1583
20241001T1200Z,2441,2432
20241001T1800Z,1603,1572
20241002T0000Z,2441,2406
20241002T0600Z,1603,1601
20241002T1200Z,2441,2438
20241002T1800Z,1603,1603
20241003T0000Z,2441,2440
20241003T0600Z,1603,1600
20241003T1200Z,2441,2435
20241003T1800Z,1603,1602
20241004T0000Z,2441,2404
20241004T0600Z,1603,1545
20241004T1200Z,2441,2394
20241004T1800Z,1603,1550
20241005T0000Z,2441,2395
20241005T0600Z,1603,1567
20241005T1200Z,2441,2438
20241005T1800Z,1603,1602
20241006T0000Z,2441,2375
20241006T0600Z,1603,1589
20241006T1200Z,2441,2405
20241006T1800Z,1603,1594
20241007T0000Z,2441,2396
20241007T0600Z,1603,1577
20241007T1200Z,2441,2413
20241007T1800Z,1603,1564
20241008T0000Z,2441,2437
20241008T0600Z,1603,1602
20241008T1200Z,2441,2439
20241008T1800Z,1603,1601
20241009T0000Z,2441,2441
20241009T0600Z,1603,1602
20241009T1200Z,2441,2412
20241009T1800Z,1603,1353
20241010T0000Z,2441,1723
20241010T0600Z,1603,1030
20241010T1200Z,2441,1597
20241010T1800Z,1603,1027
20241011T0000Z,2441,1527
20241011T0600Z,1603,977
20241011T1200Z,2441,1478
20241011T1800Z,1603,987
20241012T0000Z,2441,1517
20241012T0600Z,1603,1001
20241012T1200Z,2441,1540
20241012T1800Z,1603,1031
20241013T0000Z,2441,1547
20241013T0600Z,1603,1044
20241013T1200Z,2441,1692
20241013T1800Z,1603,1057
20241014T0000Z,2441,1674
20241014T0600Z,1603,1107
20241014T1200Z,2441,1720
20241014T1800Z,1603,1105
20241015T0000Z,2441,1684
20241015T0600Z,1603,1062
20241015T1200Z,2441,1557
20241015T1800Z,1603,1042
20241016T0000Z,2441,1626
20241016T0600Z,1603,1115
20241016T1200Z,2441,1568
20241016T1800Z,1603,1051
20241017T0000Z,2441,1620
20241017T0600Z,1603,1077
20241017T1200Z,2441,1643
20241017T1800Z,1603,997
20241018T0000Z,2441,1581
20241018T0600Z,1603,1044
20241018T1200Z,2441,1609
20241018T1800Z,1603,1112
20241019T0000Z,2441,1633
20241019T0600Z,1603,1125
20241019T1200Z,2441,1661
20241019T1800Z,1603,1153
20241020T0000Z,2441,1624
20241020T0600Z,1603,1018
20241020T1200Z,2441,1616
20241020T1800Z,1603,1088
20241021T0000Z,2441,1625
20241021T0600Z,1603,1066
20241021T1200Z,2441,1584
20241021T1800Z,1603,1050
20241022T0000Z,2441,1662
20241022T0600Z,1603,1098
20241022T1200Z,2441,1546
20241022T1800Z,1603,1045
20241023T0000Z,2441,1572
20241023T0600Z,1603,1062
20241023T1200Z,2441,1603
20241023T1800Z,1603,1019
20241024T0000Z,2441,1565
20241024T0600Z,1603,1062
20241024T1200Z,2441,1595
20241024T1800Z,1603,1015
20241025T0000Z,2441,1573
20241025T0600Z,1603,1112
20241025T1200Z,2441,1606
20241025T1800Z,1603,1074
20241026T0000Z,2441,1623
20241026T0600Z,1603,1067
20241026T1200Z,2441,1610
20241026T1800Z,1603,1074
20241027T0000Z,2441,1696
20241027T0600Z,1603,1013
20241027T1200Z,2441,1538
20241027T1800Z,1603,1085
20241028T0000Z,2441,1609
20241028T0600Z,1603,1045
20241028T1200Z,2441,1575
20241028T1800Z,1603,1046
20241029T0000Z,2441,1605
20241029T0600Z,1603,1040
20241029T1200Z,2441,1524
20241029T1800Z,1603,1009
20241030T0000Z,2441,1559
20241030T0600Z,1603,1016
20241030T1200Z,2441,1544
20241030T1800Z,1603,1033
20241031T0000Z,2441,1630
20241031T0600Z,1603,1030
20241031T1200Z,2441,1566
20241031T1800Z,1603,1062
20241101T0000Z,2441,2361
20241101T0600Z,1603,1523
20241101T1200Z,2441,2253
20241101T1800Z,1603,1501
20241102T0000Z,2441,2314
20241102T0600Z,1603,1544
20241102T1200Z,2441,2281
20241102T1800Z,1603,1511
20241103T0000Z,2441,2316
20241103T0600Z,1603,1504
20241103T1200Z,2441,2050
20241103T1800Z,1603,1300
20241104T0000Z,2441,2092
20241104T0600Z,1603,1300
20241104T1200Z,2441,2088
20241104T1800Z,1603,1347
20241105T0000Z,2441,2161
20241105T0600Z,1603,1219
20241105T1200Z,2441,2075
20241105T1800Z,1603,1435
20241106T0000Z,2441,1969
20241106T0600Z,1603,1342
20241106T1200Z,2441,2146
20241106T1800Z,1603,1391
20241107T0000Z,2441,1991
20241107T0600Z,1603,1407
20241107T1200Z,2519,2069
20241107T1800Z,1658,1407
20241108T0000Z,2524,2112
20241108T0600Z,1659,1393
20241108T1200Z,2526,2078
20241108T1800Z,1652,1357
20241109T0000Z,2523,1974
20241109T0600Z,1653,1482
20241109T1200Z,2519,2092
20241109T1800Z,1656,1382
20241110T0000Z,2523,2159
20241110T0600Z,1656,1393
20241110T1200Z,2523,2005
20241110T1800Z,1659,1028
20241111T0000Z,2523,1665
20241111T0600Z,1659,1100
20241111T1200Z,2521,1647
20241111T1800Z,1659,1068
20241112T0000Z,2525,1689
20241112T0600Z,1657,1068
20241112T1200Z,2520,1617
20241112T1800Z,1657,1046
20241113T0000Z,2524,1694
20241113T0600Z,1653,1093
20241113T1200Z,2529,1608
20241113T1800Z,1662,1121
20241114T0000Z,2529,1624
20241114T0600Z,1662,1080
20241114T1200Z,2529,1601
20241114T1800Z,1662,1111
20241115T0000Z,2529,1643
20241115T0600Z,1662,1065
20241115T1200Z,2529,1599
20241115T1800Z,1662,1059
20241116T0000Z,2529,1692
20241116T0600Z,1662,1122
20241116T1200Z,2529,1641
20241116T1800Z,1662,1085
20241117T0000Z,2529,1726
20241117T0600Z,1662,1108
20241117T1200Z,2529,1644
20241117T1800Z,1662,1044
20241118T0000Z,2529,1684
20241118T0600Z,1662,1101
20241118T1200Z,2529,1622
20241118T1800Z,1662,1112
20241119T0000Z,2529,1651
20241119T0600Z,1662,1071
20241119T1200Z,2529,1650
20241119T1800Z,1662,1077
20241120T0000Z,2529,1584
20241120T0600Z,1662,1065
20241120T1200Z,2529,1688
20241120T1800Z,1662,1154
20241121T0000Z,2529,1644
20241121T0600Z,1662,1042
20241121T1200Z,2529,1635
20241121T1800Z,1662,1098
20241122T0000Z,2529,1708
20241122T0600Z,1662,1050
20241122T1200Z,2529,1659
20241122T1800Z,1662,1110
20241123T0000Z,2529,1597
20241123T0600Z,1662,1084
20241123T1200Z,2529,1637
20241123T1800Z,1662,1087
20241124T0000Z,2529,1618
20241124T0600Z,1662,1088
20241124T1200Z,2529,1617
20241124T1800Z,1662,1033
20241125T0000Z,2529,1672
20241125T0600Z,1662,1117
20241125T1200Z,2529,1629
20241125T1800Z,1662,1033
20241126T0000Z,2529,1615
20241126T0600Z,1662,1106
20241126T1200Z,2529,1629
20241126T1800Z,1662,1143
20241127T0000Z,2529,1714
20241127T0600Z,1662,1114
20241127T1200Z,2529,1671
20241127T1800Z,1662,1087
20241128T0000Z,2529,1631
20241128T0600Z,1662,1078
20241128T1200Z,2529,1632
20241128T1800Z,1662,1080
20241129T0000Z,2529,1629
20241129T0600Z,1662,1122
20241129T1200Z,2529,1595
20241129T1800Z,1662,1067
20241130T0000Z,2529,1624
20241130T0600Z,1662,1113
20241130T1200Z,2529,1661
20241130T1800Z,1662,1065
20241201T0000Z,2529,2529
20241201T0600Z,1662,1662
20241201T1200Z,2529,2529
20241201T1800Z,1662,1662
20241202T0000Z,2529,2529
20241202T0600Z,1662,1662
20241202T1200Z,2529,2529
20241202T1800Z,1662,1662
20241203T0000Z,2529,2529
20241203T0600Z,1662,1662
20241203T1200Z,2529,2529
20241203T1800Z,1662,1662
20241204T0000Z,2529,2529
20241204T0600Z,1662,1662
20241204T1200Z,2529,2529
20241204T1800Z,1662,1662
20241205T0000Z,2529,2529
20241205T0600Z,1662,1662
20241205T1200Z,2529,2529
20241205T1800Z,1662,1662
20241206T0000Z,2529,2529
20241206T0600Z,1662,1662
20241206T1200Z,2529,2529
20241206T1800Z,1662,1662
20241207T0000Z,2529,2529
20241207T0600Z,1662,1662
20241207T1200Z,2529,2529
20241207T1800Z,1662,1662
20241208T0000Z,2529,2529
20241208T0600Z,1662,1662
20241208T1200Z,2529,2529
20241208T1800Z,1662,1662
20241209T0000Z,2529,2529
20241209T0600Z,1662,1662
20241209T1200Z,2529,2529
20241209T1800Z,1662,1662
20241210T0000Z,2529,2529
20241210T0600Z,1662,1662
20241210T1200Z,2529,2200
20241210T1800Z,1662,1076
20241211T0000Z,2529,1613
20241211T0600Z,1662,1084
20241211T1200Z,2529,1612
20241211T1800Z,1662,1098
20241212T0000Z,2529,1711
20241212T0600Z,1662,1084
20241212T1200Z,2529,1553
20241212T1800Z,1662,1059
20241213T0000Z,2529,1665
20241213T0600Z,1662,1054
20241213T1200Z,2529,1632
20241213T1800Z,1662,1147
20241214T0000Z,2529,1570
20241214T0600Z,1662,1055
20241214T1200Z,2529,1602
20241214T1800Z,1662,1079
20241215T0000Z,2529,1655
20241215T0600Z,1662,1104
20241215T1200Z,2529,1614
20241215T1800Z,1662,1041
20241216T0000Z,2529,1639
20241216T0600Z,1662,1062
20241216T1200Z,2529,1662
20241216T1800Z,1662,1089
20241217T0000Z,2529,1659
20241217T0600Z,1662,1067
20241217T1200Z,2529,1641
20241217T1800Z,1662,1055
20241218T0000Z,2529,1620
20241218T0600Z,1662,1042
20241218T1200Z,2529,1661
20241218T1800Z,1662,1063
20241219T0000Z,2529,1647
20241219T0600Z,1662,1078
20241219T1200Z,2529,1682
20241219T1800Z,1662,1065
20241220T0000Z,2529,1662
20241220T0600Z,1662,1021
20241220T1200Z,2529,1648
20241220T1800Z,1662,1042
20241221T0000Z,2529,1616
20241221T0600Z,1662,1066
20241221T1200Z,2529,1638
20241221T1800Z,1662,1111
20241222T0000Z,2529,1678
20241222T0600Z,1662,1104
20241222T1200Z,2529,1635
20241222T1800Z,1662,1045
20241223T0000Z,2529,1593
20241223T0600Z,1662,1071
20241223T1200Z,2529,1630
20241223T1800Z,1662,1103
20241224T0000Z,2529,1660
20241224T0600Z,1662,1046
20241224T1200Z,2529,1631
20241224T1800Z,1662,1035
20241225T0000Z,2529,1649
20241225T0600Z,1662,1097
20241225T1200Z,2529,1655
20241225T1800Z,1662,1078
20241226T0000Z,2529,1711
20241226T0600Z,1662,1051
20241226T1200Z,2529,1663
20241226T1800Z,1662,1025
20241227T0000Z,2529,1641
20241227T0600Z,1662,1052
20241227T1200Z,2529,1586
20241227T1800Z,1662,1080
20241228T0000Z,2529,1663
20241228T0600Z,1662,1100
20241228T1200Z,2529,1619
20241228T1800Z,1662,1097
20241229T0000Z,2529,1620
20241229T0600Z,1662,1050
20241229T1200Z,2529,1601
20241229T1800Z,1662,1076
20241230T0000Z,2529,1635
20241230T0600Z,1662,1070
20241230T1200Z,2529,1633
20241230T1800Z,1662,1065
20241231T0000Z,2529,1652
20241231T0600Z,1662,1079
20241231T1200Z,2529,1625
20241231T1800Z,1662,1108
20250101T0000Z,2529,2370
20250101T0600Z,1662,1522
20250101T1200Z,2529,2318
20250101T1800Z,1662,1421
20250102T0000Z,2529,2222
20250102T0600Z,1662,1484
20250102T1200Z,2529,2215
20250102T1800Z,1662,1510
20250103T0000Z,2529,2272
20250103T0600Z,1662,1370
20250103T1200Z,2529,2053
20250103T1800Z,1662,1357
20250104T0000Z,2529,2079
20250104T0600Z,1662,1340
20250104T1200Z,2529,1980
20250104T1800Z,1662,1314
20250105T0000Z,2529,2172
20250105T0600Z,1662,1343
20250105T1200Z,2529,2088
20250105T1800Z,1662,1295
20250106T0000Z,2529,2087
20250106T0600Z,1662,1491
20250106T1200Z,2529,2208
20250106T1800Z,1662,1308
20250107T0000Z,2529,2048
20250107T0600Z,1662,1404
20250107T1200Z,2529,2044
20250107T1800Z,1662,1391
20250108T0000Z,2529,2065
20250108T0600Z,1662,1386
20250108T1200Z,2529,2126
20250108T1800Z,1662,1315
20250109T0000Z,2529,2105
20250109T0600Z,1662,1350
20250109T1200Z,2529,2046
20250109T1800Z,1662,1443
20250110T0000Z,2529,2157
20250110T0600Z,1662,1299
20250110T1200Z,2529,2186
20250110T1800Z,1662,1343
20250111T0000Z,2529,1791
20250111T0600Z,1662,1140
20250111T1200Z,2529,1641
20250111T1800Z,1662,1059
20250112T0000Z,2529,1678
20250112T0600Z,1662,1066
20250112T1200Z,2529,1672
20250112T1800Z,1662,1101
20250113T0000Z,2529,1695
20250113T0600Z,1662,1075
20250113T1200Z,2529,1584
20250113T1800Z,1662,1067
20250114T0000Z,2529,1668
20250114T0600Z,1662,1055
20250114T1200Z,2529,1639
20250114T1800Z,1662,1122
20250115T0000Z,2529,1597
20250115T0600Z,1662,1075
20250115T1200Z,2529,1658
20250115T1800Z,1662,1082
20250116T0000Z,2529,1656
20250116T0600Z,1662,1045
20250116T1200Z,2529,1669
20250116T1800Z,1662,1094
20250117T0000Z,2529,1624
20250117T0600Z,1662,1081
20250117T1200Z,2529,1655
20250117T1800Z,1662,1084
20250118T0000Z,2529,1634
20250118T0600Z,1662,1072
20250118T1200Z,2529,1638
20250118T1800Z,1662,1145
20250119T0000Z,2529,1640
20250119T0600Z,1662,1090
20250119T1200Z,2529,1627
20250119T1800Z,1662,1039
20250120T0000Z,2529,1584
20250120T0600Z,1662,1078
20250120T1200Z,2529,1706
20250120T1800Z,1662,1063
20250121T0000Z,2529,1670
20250121T0600Z,1662,1123
20250121T1200Z,2529,1694
20250121T1800Z,1662,1047
20250122T0000Z,2529,1621
20250122T0600Z,1662,1092
20250122T1200Z,2529,1613
20250122T1800Z,1662,1063
20250123T0000Z,2529,1689
20250123T0600Z,1662,1074
20250123T1200Z,2529,1620
20250123T1800Z,1662,1139
20250124T0000Z,2529,1649
20250124T0600Z,1662,1060
20250124T1200Z,2529,1676
20250124T1800Z,1662,1034
20250125T0000Z,2529,1570
20250125T0600Z,1662,1098
20250125T1200Z,2529,1663
20250125T1800Z,1662,1105
20250126T0000Z,2529,1617
20250126T0600Z,1662,1117
20250126T1200Z,2529,1676
20250126T1800Z,1662,1080
20250127T0000Z,2529,1596
20250127T0600Z,1662,1088
20250127T1200Z,2529,1618
20250127T1800Z,1662,1058
20250128T0000Z,2529,1657
20250128T0600Z,1662,1087
20250128T1200Z,2529,1543
20250128T1800Z,1662,1081
20250129T0000Z,2529,1667
20250129T0600Z,1662,1059
20250129T1200Z,2529,1671
20250129T1800Z,1662,1128
20250130T0000Z,2529,1683
20250130T0600Z,1662,1113
20250130T1200Z,2529,1644
20250130T1800Z,1662,1078
20250131T0000Z,2529,1619
20250131T0600Z,1662,1127
20250131T1200Z,2529,1643
20250131T1800Z,1662,1046
20250201T0000Z,2529,2494
20250201T0600Z,1662,1637
20250201T1200Z,2529,2526
20250201T1800Z,1662,1653
20250202T0000Z,2529,2502
20250202T0600Z,1662,1648
20250202T1200Z,2529,2486
20250202T1800Z,1662,1660
20250203T0000Z,2529,2524
20250203T0600Z,1662,1660
20250203T1200Z,2529,2512
20250203T1800Z,1662,1635
20250204T0000Z,2529,2518
20250204T0600Z,1662,1658
20250204T1200Z,2529,2529
20250204T1800Z,1662,1640
20250205T0000Z,2529,2511
20250205T0600Z,1662,1616
20250205T1200Z,2529,2520
20250205T1800Z,1662,1656
20250206T0000Z,2529,2527
20250206T0600Z,1662,1662
20250206T1200Z,2529,2511
20250206T1800Z,1662,1656
20250207T0000Z,2529,2525
20250207T0600Z,1662,1662
20250207T1200Z,2529,2483
20250207T1800Z,1662,1659
20250208T0000Z,2529,2504
20250208T0600Z,1662,1642
20250208T1200Z,2529,2517
20250208T1800Z,1662,1660
20250209T0000Z,2529,2510
20250209T0600Z,1662,1643
20250209T1200Z,2529,2512
20250209T1800Z,1662,1641
20250210T0000Z,2529,1777
20250210T0600Z,1662,1133
20250210T1200Z,2529,1723
20250210T1800Z,1662,1093
20250211T0000Z,2529,1656
20250211T0600Z,1662,1082
20250211T1200Z,2529,1686
20250211T1800Z,1662,1043
20250212T0000Z,2529,1694
20250212T0600Z,1662,1110
20250212T1200Z,2529,1634
20250212T1800Z,1662,1051
20250213T0000Z,2529,1649
20250213T0600Z,1662,1113
20250213T1200Z,2529,1672
20250213T1800Z,1662,1084
20250214T0000Z,2529,1643
20250214T0600Z,1662,1089
20250214T1200Z,2529,1671
20250214T1800Z,1662,1037
20250215T0000Z,2529,1696
20250215T0600Z,1662,1163
20250215T1200Z,2529,1709
20250215T1800Z,1662,1048
20250216T0000Z,2529,1646
20250216T0600Z,1662,1082
20250216T1200Z,2529,1641
20250216T1800Z,1662,1124
20250217T0000Z,2529,1653
20250217T0600Z,1662,1098
20250217T1200Z,2529,1643
20250217T1800Z,1662,1126
20250218T0000Z,2529,1674
20250218T0600Z,1662,1105
20250218T1200Z,2529,1662
20250218T1800Z,1662,1095
20250219T0000Z,2529,1653
20250219T0600Z,1662,1096
20250219T1200Z,2529,1711
20250219T1800Z,1662,1113
20250220T0000Z,2529,1713
20250220T0600Z,1662,1101
20250220T1200Z,2529,1722
20250220T1800Z,1662,1139
20250221T0000Z,2529,1674
20250221T0600Z,1662,1052
20250221T1200Z,2529,1614
20250221T1800Z,1662,1062
20250222T0000Z,2529,1700
20250222T0600Z,1662,1088
20250222T1200Z,2529,1646
20250222T1800Z,1662,1088
20250223T0000Z,2529,1700
20250223T0600Z,1662,1053
20250223T1200Z,2529,1696
20250223T1800Z,1662,1104
20250224T0000Z,2529,1635
20250224T0600Z,1662,1145
20250224T1200Z,2529,1710
20250224T1800Z,1662,1117
20250225T0000Z,2529,1676
20250225T0600Z,1662,1125
20250225T1200Z,2529,1754
20250225T1800Z,1662,1138
20250226T0000Z,2529,1667
20250226T0600Z,1662,1153
20250226T1200Z,2529,1726
20250226T1800Z,1662,1144
20250227T0000Z,2529,1716
20250227T0600Z,1662,1136
20250227T1200Z,2529,1707
20250227T1800Z,1662,1120
20250228T0000Z,2529,1674
20250228T0600Z,1662,1121
20250228T1200Z,2529,1649
20250228T1800Z,1662,1126
20250301T0000Z,2529,2529
20250301T0600Z,1662,1662
20250301T1200Z,2529,2529
20250301T1800Z,1662,1662
20250302T0000Z,2529,2529
20250302T0600Z,1662,1662
20250302T1200Z,2529,2529
20250302T1800Z,1662,1662
20250303T0000Z,2528,2528
20250303T0600Z,1662,1662
20250303T1200Z,2529,2529
20250303T1800Z,1662,1662
20250304T0000Z,2529,2529
20250304T0600Z,1662,1662
20250304T1200Z,2529,2529
20250304T1800Z,1662,1662
20250305T0000Z,2529,2529
20250305T0600Z,1662,1662
20250305T1200Z,2529,2529
20250305T1800Z,1662,1662
20250306T0000Z,2529,2529
20250306T0600Z,1662,1662
20250306T1200Z,2529,2529
20250306T1800Z,1662,1662
20250307T0000Z,2529,2529
20250307T0600Z,1662,1662
20250307T1200Z,2529,2529
20250307T1800Z,1662,1662
20250308T0000Z,2529,2529
20250308T0600Z,1662,1662
20250308T1200Z,2529,2529
20250308T1800Z,1662,1662
20250309T0000Z,2529,2529
20250309T0600Z,1662,1662
20250309T1200Z,2529,2529
20250309T1800Z,1662,1662
20250310T0000Z,2529,1854
20250310T0600Z,1662,1112
20250310T1200Z,2529,1718
20250310T1800Z,1662,1108
20250311T0000Z,2529,1679
20250311T0600Z,1662,1112
20250311T1200Z,2529,1668
20250311T1800Z,1662,1100
20250312T0000Z,2529,1732
20250312T0600Z,1662,1126
20250312T1200Z,2529,1713
20250312T1800Z,1662,1089
20250313T0000Z,2529,1627
20250313T0600Z,1662,1135
20250313T1200Z,2529,1704
20250313T1800Z,1662,1111
20250314T0000Z,2529,1731
20250314T0600Z,1662,1138
20250314T1200Z,2529,1696
20250314T1800Z,1662,1132
20250315T0000Z,2529,1727
20250315T0600Z,1662,1084
20250315T1200Z,2529,1689
20250315T1800Z,1662,1113
20250316T0000Z,2529,1706
20250316T0600Z,1662,1092
20250316T1200Z,2529,1711
20250316T1800Z,1662,1131
20250317T0000Z,2529,1734
20250317T0600Z,1662,1099
20250317T1200Z,2529,1707
20250317T1800Z,1662,1136
20250318T0000Z,2529,1678
20250318T0600Z,1662,1093
20250318T1200Z,2529,1661
20250318T1800Z,1662,1103
20250319T0000Z,2529,1676
20250319T0600Z,1662,1150
20250319T1200Z,2529,1650
20250319T1800Z,1662,1110
20250320T0000Z,2529,1689
20250320T0600Z,1662,1102
20250320T1200Z,2529,1714
20250320T1800Z,1662,1103
20250321T0000Z,2529,1685
20250321T0600Z,1662,1124
20250321T1200Z,2529,1700
20250321T1800Z,1662,1111
20250322T0000Z,2529,1737
20250322T0600Z,1662,1134
20250322T1200Z,2529,1660
20250322T1800Z,1662,1107
20250323T0000Z,2529,1704
20250323T0600Z,1662,1146
20250323T1200Z,2529,1692
20250323T1800Z,1662,1110
20250324T0000Z,2529,1671
20250324T0600Z,1662,1105
20250324T1200Z,2529,1679
20250324T1800Z,1662,1111
20250325T0000Z,2529,1763
20250325T0600Z,1662,1126
20250325T1200Z,2529,1672
20250325T1800Z,1662,1125
20250326T0000Z,2529,1759
20250326T0600Z,1662,1045
20250326T1200Z,2529,1641
20250326T1800Z,1662,1114
20250327T0000Z,2529,1682
20250327T0600Z,1662,1088
20250327T1200Z,2529,1661
20250327T1800Z,1662,1129
20250328T0000Z,2529,1731
20250328T0600Z,1662,1085
20250328T1200Z,2529,1664
20250328T1800Z,1662,1085
20250329T0000Z,2529,1696
20250329T0600Z,1662,1120
20250329T1200Z,2529,1694
20250329T1800Z,1662,1134
20250330T0000Z,2529,1673
20250330T0600Z,1662,1143
20250330T1200Z,2529,1683
20250330T1800Z,1662,1087
20250331T0000Z,2529,1753
20250331T0600Z,1662,1076
20250331T1200Z,2529,1653
20250331T1800Z,1662,1143
20250401T0000Z,2529,2529
20250401T0600Z,1662,1662
20250401T1200Z,2529,2529
20250401T1800Z,1662,1662
20250402T0000Z,2529,2529
20250402T0600Z,1662,1662
20250402T1200Z,2529,2529
20250402T1800Z,1662,1662
20250403T0000Z,2529,2529
20250403T0600Z,1662,1662
20250403T1200Z,2529,2529
20250403T1800Z,1662,1662
20250404T0000Z,2529,2529
20250404T0600Z,1662,1662
20250404T1200Z,2529,2529
20250404T1800Z,1662,1662
20250405T0000Z,2529,2529
20250405T0600Z,1662,1662
20250405T1200Z,2529,2529
20250405T1800Z,1662,1662
20250406T0000Z,2529,2529
20250406T0600Z,1662,1662
20250406T1200Z,2529,2529
20250406T1800Z,1662,1662
20250407T0000Z,2529,2529
20250407T0600Z,1662,1662
20250407T1200Z,2529,2529
20250407T1800Z,1662,1662
20250408T0000Z,2529,2529
20250408T0600Z,1662,1599
20250408T1200Z,2529,1697
20250408T1800Z,1662,1114
20250409T0000Z,2529,1713
20250409T0600Z,1662,1087
20250409T1200Z,2529,1665
20250409T1800Z,1662,1116
20250410T0000Z,2529,1690
20250410T0600Z,1662,1075
20250410T1200Z,2529,1701
20250410T1800Z,1662,1149
20250411T0000Z,2529,1664
20250411T0600Z,1662,1098
20250411T1200Z,2529,1680
20250411T1800Z,1662,1122
20250412T0000Z,2529,1677
20250412T0600Z,1662,1108
20250412T1200Z,2529,1693
20250412T1800Z,1662,1168
20250413T0000Z,2529,1693
20250413T0600Z,1662,1085
20250413T1200Z,2529,1699
20250413T1800Z,1662,1141
20250414T0000Z,2529,1690
20250414T0600Z,1662,1084
20250414T1200Z,2529,1692
20250414T1800Z,1662,1095
20250415T0000Z,2529,1668
20250415T0600Z,1662,1106
20250415T1200Z,2529,1722
20250415T1800Z,1662,1118
20250416T0000Z,2529,1739
20250416T0600Z,1662,1120
20250416T1200Z,2529,1667
20250416T1800Z,1662,1116
20250417T0000Z,2529,1704
20250417T0600Z,1662,1102
20250417T1200Z,2529,1713
20250417T1800Z,1662,1123
20250418T0000Z,2529,1676
20250418T0600Z,1662,1103
20250418T1200Z,2529,1689
20250418T1800Z,1662,1109
20250419T0000Z,2529,1682
20250419T0600Z,1662,1102
20250419T1200Z,2529,1668
20250419T1800Z,1662,1100
20250420T0000Z,2529,1715
20250420T0600Z,1662,1106
20250420T1200Z,2529,1694
20250420T1800Z,1662,1135
20250421T0000Z,2529,1789
20250421T0600Z,1662,1091
20250421T1200Z,2529,1712
20250421T1800Z,1662,1113
20250422T0000Z,2529,1714
20250422T0600Z,1662,1078
20250422T1200Z,2529,1690
20250422T1800Z,1662,1157
20250423T0000Z,2529,1661
20250423T0600Z,1662,1100
20250423T1200Z,2529,1711
20250423T1800Z,1662,1137
20250424T0000Z,2529,1692
20250424T0600Z,1662,1069
20250424T1200Z,2529,1744
20250424T1800Z,1662,1137
20250425T0000Z,2529,1642
20250425T0600Z,1662,1113
20250425T1200Z,2529,1749
20250425T1800Z,1662,1128
20250426T0000Z,2529,1797
20250426T0600Z,1662,1113
20250426T1200Z,2529,1649
20250426T1800Z,1662,1104
20250427T0000Z,2529,1667
20250427T0600Z,1662,1073
20250427T1200Z,2529,1718
20250427T1800Z,1662,1134
20250428T0000Z,2529,1663
20250428T0600Z,1662,1060
20250428T1200Z,2529,1716
20250428T1800Z,1662,1153
20250429T0000Z,2529,1701
20250429T0600Z,1662,1102
20250429T1200Z,2529,1727
20250429T1800Z,1662,1143
20250430T0000Z,2529,1782
20250430T0600Z,1662,1121
20250430T1200Z,2529,1707
20250430T1800Z,1662,1115
20250501T0000Z,2529,2529
20250501T0600Z,1662,1662
20250501T1200Z,2529,2529
20250501T1800Z,1662,1662
20250502T0000Z,2529,2529
20250502T0600Z,1662,1662
20250502T1200Z,2529,2529
20250502T1800Z,1662,1662
20250503T0000Z,2529,2529
20250503T0600Z,1662,1662
20250503T1200Z,2529,2529
20250503T1800Z,1662,1662
20250504T0000Z,2529,2529
20250504T0600Z,1662,1662
20250504T1200Z,2529,2529
20250504T1800Z,1662,1662
20250505T0000Z,2529,2529
20250505T0600Z,1662,1662
20250505T1200Z,2529,2529
20250505T1800Z,1662,1662
20250506T0000Z,2529,2529
20250506T0600Z,1662,1662
20250506T1200Z,2529,2529
20250506T1800Z,1662,1662
20250507T0000Z,2529,2529
20250507T0600Z,1662,1662
20250507T1200Z,2529,2529
20250507T1800Z,1662,1662
20250508T0000Z,2529,2529
20250508T0600Z,1662,1662
20250508T1200Z,2529,2529
20250508T1800Z,1662,1662
20250509T0000Z,2529,2529
20250509T0600Z,1662,1662
20250509T1200Z,2529,2529
20250509T1800Z,1662,1662
20250510T0000Z,2529,2529
20250510T0600Z,1662,1662
20250510T1200Z,2529,1967
20250510T1800Z,1662,1145
20250511T0000Z,2529,1711
20250511T0600Z,1662,1147
20250511T1200Z,2529,1701
20250511T1800Z,1662,1129
20250512T0000Z,2529,1707
20250512T0600Z,1662,1114
20250512T1200Z,2529,1679
20250512T1800Z,1662,1124
20250513T0000Z,2529,1686
20250513T0600Z,1662,1104
20250513T1200Z,2529,1692
20250513T1800Z,1662,1157
20250514T0000Z,2529,1711
20250514T0600Z,1662,1113
20250514T1200Z,2529,1677
20250514T1800Z,1662,1116
20250515T0000Z,2529,1719
20250515T0600Z,1662,1077
20250515T1200Z,2529,1671
20250515T1800Z,1662,1114
20250516T0000Z,2529,1742
20250516T0600Z,1662,1130
20250516T1200Z,2220,1525
20250516T1800Z,1662,1107
20250517T0000Z,2529,1653
20250517T0600Z,1662,1132
20250517T1200Z,2529,1681
20250517T1800Z,1662,1084
20250518T0000Z,2529,1668
20250518T0600Z,1662,1116
20250518T1200Z,2529,1750
20250518T1800Z,1662,1118
20250519T0000Z,2529,1663
20250519T0600Z,1662,1087
20250519T1200Z,2529,1654
20250519T1800Z,1662,1123
20250520T0000Z,2529,1660
20250520T0600Z,1662,1133
20250520T1200Z,2529,1705
20250520T1800Z,1662,1086
20250521T0000Z,2529,1692
20250521T0600Z,1662,1090
20250521T1200Z,2529,1677
20250521T1800Z,1662,1121
20250522T0000Z,2529,1704
20250522T0600Z,1662,1124
20250522T1200Z,2529,1737
20250522T1800Z,1662,1116
20250523T0000Z,2529,1716
20250523T0600Z,1662,1114
20250523T1200Z,2529,1711
20250523T1800Z,1662,1099
20250524T0000Z,2529,1647
20250524T0600Z,1662,1096
20250524T1200Z,2529,1718
20250524T1800Z,1662,1087
20250525T0000Z,2529,1691
20250525T0600Z,1662,1129
20250525T1200Z,2529,1673
20250525T1800Z,1662,1067
20250526T0000Z,2529,1655
20250526T0600Z,1662,1099
20250526T1200Z,2529,1679
20250526T1800Z,1662,1114
20250527T0000Z,2529,1680
20250527T0600Z,1662,1128
20250527T1200Z,2529,1747
20250527T1800Z,1662,1099
20250528T0000Z,2529,1672
20250528T0600Z,1662,1117
20250528T1200Z,2529,1696
20250528T1800Z,1662,1139
20250529T0000Z,2529,1714
20250529T0600Z,1662,1090
20250529T1200Z,2529,1687
20250529T1800Z,1662,1128
20250530T0000Z,2529,1686
20250530T0600Z,1662,1142
20250530T1200Z,2529,1693
20250530T1800Z,1662,1098
20250531T0000Z,2529,1703
20250531T0600Z,1662,1088
20250531T1200Z,2529,1716
20250531T1800Z,1662,1130
20250601T0000Z,2529,2313
20250601T0600Z,1662,1546
20250601T1200Z,2529,2322
20250601T1800Z,1662,1516
20250602T0000Z,2529,2305
20250602T0600Z,1662,1529
20250602T1200Z,2529,2346
20250602T1800Z,1662,1494
20250603T0000Z,2529,2267
20250603T0600Z,1662,1534
20250603T1200Z,2529,2191
20250603T1800Z,1662,1416
20250604T0000Z,2529,2265
20250604T0600Z,1662,1376
20250604T1200Z,2529,2192
20250604T1800Z,1662,1460
20250605T0000Z,2529,2070
20250605T0600Z,1662,1460
20250605T1200Z,2529,2157
20250605T1800Z,1662,1339
20250606T0000Z,2529,2266
20250606T0600Z,1662,1374
20250606T1200Z,2529,2202
20250606T1800Z,1662,1420
20250607T0000Z,2529,2147
20250607T0600Z,1662,1390
20250607T1200Z,2529,2309
20250607T1800Z,1662,1440
20250608T0000Z,2529,2131
20250608T0600Z,1662,1436
20250608T1200Z,2529,2120
20250608T1800Z,1662,1426
20250609T0000Z,2529,2170
20250609T0600Z,1662,1360
20250609T1200Z,2529,2164
20250609T1800Z,1662,1400
20250610T0000Z,2529,2112
20250610T0600Z,1662,1514
20250610T1200Z,2529,1761
20250610T1800Z,1662,1144
20250611T0000Z,2529,1670
20250611T0600Z,1662,1109
20250611T1200Z,2529,1671
20250611T1800Z,1662,1145
20250612T0000Z,2529,1666
20250612T0600Z,1662,1119
20250612T1200Z,2529,1672
20250612T1800Z,1662,1109
20250613T0000Z,2529,1704
20250613T0600Z,1662,1144
20250613T1200Z,2529,1674
20250613T1800Z,1662,1099
20250614T0000Z,2529,1653
20250614T0600Z,1662,1107
20250614T1200Z,2529,1709
20250614T1800Z,1662,1092
20250615T0000Z,2529,1704
20250615T0600Z,1662,1137
20250615T1200Z,2529,1691
20250615T1800Z,1662,1099
20250616T0000Z,2529,1692
20250616T0600Z,1662,1112
20250616T1200Z,2529,1664
20250616T1800Z,1662,1090
20250617T0000Z,2529,1661
20250617T0600Z,1662,1099
20250617T1200Z,2529,1684
20250617T1800Z,1662,1110
20250618T0000Z,2529,1679
20250618T0600Z,1662,1087
20250618T1200Z,2529,1650
20250618T1800Z,1662,1103
20250619T0000Z,2529,1706
20250619T0600Z,1662,1123
20250619T1200Z,2529,1683
20250619T1800Z,1662,1132
20250620T0000Z,2529,1685
20250620T0600Z,1662,1104
20250620T1200Z,2529,1669
20250620T1800Z,1662,1109
20250621T0000Z,2529,1652
20250621T0600Z,1662,1112
20250621T1200Z,2529,1697
20250621T1800Z,1662,1113
20250622T0000Z,2529,1700
20250622T0600Z,1662,1110
20250622T1200Z,2529,1720
20250622T1800Z,1662,1104
20250623T0000Z,2529,1697
20250623T0600Z,1662,1098
20250623T1200Z,2529,1650
20250623T1800Z,1662,1105
20250624T0000Z,2529,1703
20250624T0600Z,1662,1141
20250624T1200Z,2529,1696
20250624T1800Z,1662,1062
20250625T0000Z,2529,1684
20250625T0600Z,1662,1101
20250625T1200Z,2529,1677
20250625T1800Z,1662,1153
20250626T0000Z,2529,1710
20250626T0600Z,1662,1118
20250626T1200Z,2529,1693
20250626T1800Z,1662,1095
20250627T0000Z,2529,1676
20250627T0600Z,1662,1109
20250627T1200Z,2529,1661
20250627T1800Z,1662,1158
20250628T0000Z,2529,1655
20250628T0600Z,1662,1100
20250628T1200Z,2529,1705
20250628T1800Z,1662,1099
20250629T0000Z,2529,1688
20250629T0600Z,1662,1106
20250629T1200Z,2529,1695
20250629T1800Z,1662,1118
20250630T0000Z,2529,1704
20250630T0600Z,1662,1119
20250630T1200Z,2529,1707
20250630T1800Z,1662,1135
20250701T0000Z,2529,2297
20250701T0600Z,1662,1547
20250701T1200Z,2529,2337
20250701T1800Z,1662,1475
20250702T0000Z,2529,2305
20250702T0600Z,1662,1474
20250702T1200Z,2529,2299
20250702T1800Z,1662,1510
20250703T0000Z,2529,2205
20250703T0600Z,1662,1472
20250703T1200Z,2529,2312
20250703T1800Z,1662,1463
20250704T0000Z,2529,2353
20250704T0600Z,1662,1473
20250704T1200Z,2529,2274
20250704T1800Z,1662,1526
20250705T0000Z,2529,2181
20250705T0600Z,1662,1490
20250705T1200Z,2529,2260
20250705T1800Z,1662,1393
20250706T0000Z,2529,2336
20250706T0600Z,1662,1394
20250706T1200Z,2529,2206
20250706T1800Z,1662,1516
20250707T0000Z,2529,2283
20250707T0600Z,1662,1484
20250707T1200Z,2529,2236
20250707T1800Z,1662,1416
20250708T0000Z,2529,2326
20250708T0600Z,1662,1463
20250708T1200Z,2529,2256
20250708T1800Z,1662,1499
20250709T0000Z,2529,2267
20250709T0600Z,1662,1460
20250709T1200Z,2529,2286
20250709T1800Z,1662,1492
20250710T0000Z,2529,2223
20250710T0600Z,1662,1545
20250710T1200Z,2529,2243
20250710T1800Z,1662,1486
20250711T0000Z,2529,2133
20250711T0600Z,1662,1110
20250711T1200Z,2529,1690
20250711T1800Z,1662,1161
20250712T0000Z,2529,1731
20250712T0600Z,1662,1112
20250712T1200Z,2529,1692
20250712T1800Z,1662,1104
20250713T0000Z,2529,1735
20250713T0600Z,1662,1121
20250713T1200Z,2529,1675
20250713T1800Z,1662,1074
20250714T0000Z,2529,1676
20250714T0600Z,1662,1104
20250714T1200Z,2529,1705
20250714T1800Z,1662,1088
20250715T0000Z,2529,1679
20250715T0600Z,1662,1091
20250715T1200Z,2529,1698
20250715T1800Z,1662,1163
20250716T0000Z,2529,1710
20250716T0600Z,1662,1124
20250716T1200Z,2529,1623
20250716T1800Z,1662,1126
20250717T0000Z,2529,1724
20250717T0600Z,1662,1113
20250717T1200Z,2529,1658
20250717T1800Z,1662,1104
20250718T0000Z,2529,1713
20250718T0600Z,1662,1141
20250718T1200Z,2529,1641
20250718T1800Z,1662,1119
20250719T0000Z,2529,1686
20250719T0600Z,1662,1132
20250719T1200Z,2529,1734
20250719T1800Z,1662,1107
20250720T0000Z,2529,1721
20250720T0600Z,1662,1100
20250720T1200Z,2529,1681
20250720T1800Z,1662,1118
20250721T0000Z,2529,1675
20250721T0600Z,1662,1082
20250721T1200Z,2529,1669
20250721T1800Z,1662,1118
20250722T0000Z,2529,1755
20250722T0600Z,1662,1093
20250722T1200Z,2529,1685
20250722T1800Z,1662,1073
20250723T0000Z,2529,1701
20250723T0600Z,1662,1097
20250723T1200Z,2529,1634
20250723T1800Z,1662,1089
20250724T0000Z,2529,1721
20250724T0600Z,1662,1102
20250724T1200Z,2529,1679
20250724T1800Z,1662,1090
20250725T0000Z,2529,1655
20250725T0600Z,1662,1100
20250725T1200Z,2529,1691
20250725T1800Z,1662,1110
20250726T0000Z,2529,1700
20250726T0600Z,1662,1087
20250726T1200Z,2529,1714
20250726T1800Z,1662,1115
20250727T0000Z,2529,1692
20250727T0600Z,1662,1116
20250727T1200Z,2529,1666
20250727T1800Z,1662,1087
20250728T0000Z,2529,1655
20250728T0600Z,1662,1106
20250728T1200Z,2529,1682
20250728T1800Z,1662,1118
20250729T0000Z,2529,1611
20250729T0600Z,1662,1070
20250729T1200Z,2529,1707
20250729T1800Z,1662,1118
20250730T0000Z,2529,1728
20250730T0600Z,1662,1146
20250730T1200Z,2529,1658
20250730T1800Z,1662,1123
20250731T0000Z,2529,1674
20250731T0600Z,1662,1102
20250731T1200Z,2529,1691
20250731T1800Z,1662,1143
20250801T0000Z,2529,2529
20250801T0600Z,1662,1662
20250801T1200Z,2529,2529
20250801T1800Z,1662,1662
20250802T0000Z,2529,2529
20250802T0600Z,1662,1662
20250802T1200Z,2529,2529
20250802T1800Z,1662,1662
20250803T0000Z,2529,2529
20250803T0600Z,1662,1662
20250803T1200Z,2529,2529
20250803T1800Z,1662,1662
20250804T0000Z,2529,2529
20250804T0600Z,1662,1662
20250804T1200Z,2529,2529
20250804T1800Z,1662,1662
20250805T0000Z,2529,2529
20250805T0600Z,1662,1662
20250805T1200Z,2529,2529
20250805T1800Z,1662,1662
20250806T0000Z,2529,2529
20250806T0600Z,1662,1662
20250806T1200Z,2529,2529
20250806T1800Z,1662,1662
20250807T0000Z,2529,2529
20250807T0600Z,1662,1662
20250807T1200Z,2529,2529
20250807T1800Z,1662,1662
20250808T0000Z,2529,2529
20250808T0600Z,1662,1662
20250808T1200Z,2529,2529
20250808T1800Z,1662,1662
20250809T0000Z,2529,2529
20250809T0600Z,1662,1662
20250809T1200Z,2529,2529
20250809T1800Z,1662,1311
20250810T0000Z,2529,1730
20250810T0600Z,1662,1099
20250810T1200Z,2529,1714
20250810T1800Z,1662,1128
20250811T0000Z,2529,1752
20250811T0600Z,1662,1134
20250811T1200Z,2529,1705
20250811T1800Z,1662,1148
20250812T0000Z,2529,1711
20250812T0600Z,1662,1057
20250812T1200Z,2529,1705
20250812T1800Z,1662,1074
20250813T0000Z,2529,1726
20250813T0600Z,1662,1109
20250813T1200Z,2529,1694
20250813T1800Z,1662,1078
20250814T0000Z,2529,1621
20250814T0600Z,1662,1065
20250814T1200Z,2529,1700
20250814T1800Z,1662,1120
20250815T0000Z,2529,1643
20250815T0600Z,1662,1081
20250815T1200Z,2529,1698
20250815T1800Z,1662,1149
20250816T0000Z,2529,1697
20250816T0600Z,1662,1112
20250816T1200Z,2529,1727
20250816T1800Z,1662,1129
20250817T0000Z,2529,1691
20250817T0600Z,1662,1131
20250817T1200Z,2529,1721
20250817T1800Z,1662,1153
20250818T0000Z,2529,1720
20250818T0600Z,1662,1147
20250818T1200Z,2529,1751
20250818T1800Z,1662,1101
20250819T0000Z,2529,1639
20250819T0600Z,1662,1103
20250819T1200Z,2529,1704
20250819T1800Z,1662,1141
20250820T0000Z,2529,1633
20250820T0600Z,1662,1095
20250820T1200Z,2482,1655
20250820T1800Z,1600,1065
20250821T0000Z,2504,1662
20250821T0600Z,1662,1091
20250821T1200Z,2529,1714
20250821T1800Z,1662,1103
20250822T0000Z,2529,1689
20250822T0600Z,1662,1122
20250822T1200Z,2529,1652
20250822T1800Z,1662,1183
20250823T0000Z,2529,1751
20250823T0600Z,1662,1178
20250823T1200Z,2529,1689
20250823T1800Z,1662,1135
20250824T0000Z,2529,1645
20250824T0600Z,1662,1136
20250824T1200Z,2529,1686
20250824T1800Z,1662,1166
20250825T0000Z,2529,1668
20250825T0600Z,1662,1066
20250825T1200Z,2529,1644
20250825T1800Z,1662,1116
20250826T0000Z,2529,1716
20250826T0600Z,1662,1104
20250826T1200Z,2529,1705
20250826T1800Z,1662,1131
20250827T0000Z,2529,1662
20250827T0600Z,1662,1148
20250827T1200Z,2529,1652
20250827T1800Z,1662,1096
20250828T0000Z,2529,1698
20250828T0600Z,1662,1119
20250828T1200Z,2529,1686
20250828T1800Z,1662,1095
20250829T0000Z,2529,1661
20250829T0600Z,1662,1103
20250829T1200Z,2529,1709
20250829T1800Z,1662,1070
20250830T0000Z,2529,1669
20250830T0600Z,1662,1119
20250830T1200Z,2529,1710
20250830T1800Z,1662,1096
20250831T0000Z,2529,1718
20250831T0600Z,1662,1104
20250831T1200Z,2529,1715
20250831T1800Z,1662,1058
20250901T0000Z,2529,2529
20250901T0600Z,1662,1662
20250901T1200Z,2529,2529
20250901T1800Z,1662,1662
20250902T0000Z,2529,2529
20250902T0600Z,1662,1662
20250902T1200Z,2529,2529
20250902T1800Z,1662,1662
20250903T0000Z,2529,2529
20250903T0600Z,1662,1662
20250903T1200Z,2529,2529
20250903T1800Z,1662,1662
20250904T0000Z,2529,2529
20250904T0600Z,1662,1662
20250904T1200Z,2529,2529
20250904T1800Z,1662,1662
20250905T0000Z,2529,2529
20250905T0600Z,1662,1662
20250905T1200Z,2529,2529
20250905T1800Z,1662,1662
20250906T0000Z,2529,2529
20250906T0600Z,1662,1662
20250906T1200Z,2529,2529
20250906T1800Z,1662,1662
20250907T0000Z,2529,2529
20250907T0600Z,1662,1662
20250907T1200Z,2529,2529
20250907T1800Z,1662,1662
20250908T0000Z,2529,2529
20250908T0600Z,1662,1662
20250908T1200Z,2529,1828
20250908T1800Z,1662,1125
20250909T0000Z,2529,1747
20250909T0600Z,1662,1082
20250909T1200Z,2529,1691
20250909T1800Z,1662,1144
20250910T0000Z,2529,1693
20250910T0600Z,1662,1074
20250910T1200Z,2529,1716
20250910T1800Z,1662,1124
20250911T0000Z,2529,1721
20250911T0600Z,1662,1049
20250911T1200Z,2529,1694
20250911T1800Z,1662,1098
20250912T0000Z,2529,1733
20250912T0600Z,1662,1099
20250912T1200Z,2529,1665
20250912T1800Z,1662,1068
20250913T0000Z,2529,1674
20250913T0600Z,1662,1123
20250913T1200Z,2529,1731
20250913T1800Z,1662,1128
20250914T0000Z,2529,1741
20250914T0600Z,1662,1095
20250914T1200Z,2529,1683
20250914T1800Z,1662,1121
20250915T0000Z,2529,1708
20250915T0600Z,1662,1081
20250915T1200Z,2529,1642
20250915T1800Z,1662,1148
20250916T0000Z,2529,1677
20250916T0600Z,1662,1092
20250916T1200Z,2529,1675
20250916T1800Z,1662,1089
20250917T0000Z,2529,1636
20250917T0600Z,1662,1082
20250917T1200Z,2529,1618
20250917T1800Z,1662,1153
20250918T0000Z,2529,1734
20250918T0600Z,1662,1091
20250918T1200Z,2529,1680
20250918T1800Z,1662,1110
20250919T0000Z,2529,1706
20250919T0600Z,1662,1094
20250919T1200Z,2529,1657
20250919T1800Z,1662,1083
20250920T0000Z,2529,1677
20250920T0600Z,1662,1045
20250920T1200Z,2529,1699
20250920T1800Z,1662,1141
20250921T0000Z,2529,1705
20250921T0600Z,1662,1074
20250921T1200Z,2529,1657
20250921T1800Z,1662,1127
20250922T0000Z,2529,1622
20250922T0600Z,1662,1052
20250922T1200Z,2529,1747
20250922T1800Z,1662,1120
20250923T0000Z,2529,1728
20250923T0600Z,1662,1096
20250923T1200Z,2529,1686
20250923T1800Z,1662,1091
20250924T0000Z,2529,1661
20250924T0600Z,1662,1080
20250924T1200Z,2529,1694
20250924T1800Z,1662,1142
20250925T0000Z,2529,1691
20250925T0600Z,1662,1140
20250925T1200Z,2529,1709
20250925T1800Z,1662,1116
20250926T0000Z,2529,1626
20250926T0600Z,1662,1121
20250926T1200Z,2529,1715
20250926T1800Z,1662,1110
20250927T0000Z,2529,1646
20250927T0600Z,1662,1099
20250927T1200Z,2529,1734
20250927T1800Z,1662,1179
20250928T0000Z,2529,1721
20250928T0600Z,1662,1112
20250928T1200Z,2529,1681
20250928T1800Z,1662,1114
20250929T0000Z,2529,1707
20250929T0600Z,1662,1059
20250929T1200Z,2529,1735
20250929T1800Z,1662,1124
20250930T0000Z,2529,1720
20250930T0600Z,1662,1074
20250930T1200Z,2529,1733
20250930T1800Z,1662,1156
20251001T0000Z,2529,2365
20251001T0600Z,1662,1518
20251001T1200Z,2529,2348
20251001T1800Z,1662,1486
20251002T0000Z,2529,2286
20251002T0600Z,1662,1461
20251002T1200Z,2529,2337
20251002T1800Z,1662,1556
20251003T0000Z,2529,2375
20251003T0600Z,1662,1512
20251003T1200Z,2529,2271
20251003T1800Z,1662,1483
20251004T0000Z,2529,2297
20251004T0600Z,1662,1458
20251004T1200Z,2529,2322
20251004T1800Z,1662,1519
20251005T0000Z,2529,2266
20251005T0600Z,1662,1560
20251005T1200Z,2529,2267
20251005T1800Z,1662,1517
20251006T0000Z,2529,2312
20251006T0600Z,1662,1585
20251006T1200Z,2529,2284
20251006T1800Z,1662,1545
20251007T0000Z,2529,2299
20251007T0600Z,1662,1501
20251007T1200Z,2529,2325
20251007T1800Z,1662,1505
20251008T0000Z,2529,2267
20251008T0600Z,1662,1568
20251008T1200Z,2529,2260
20251008T1800Z,1662,1514
20251009T0000Z,2529,2309
20251009T0600Z,1662,1529
20251009T1200Z,2529,2226
20251009T1800Z,1662,1510
20251010T0000Z,2529,2219
20251010T0600Z,1662,1520
20251010T1200Z,2529,2287
20251010T1800Z,1662,1469
20251011T0000Z,2529,2321
20251011T0600Z,1662,1514
20251011T1200Z,2529,1970
20251011T1800Z,1662,1104
20251012T0000Z,2529,1749
20251012T0600Z,1662,1099
20251012T1200Z,2529,1699
20251012T1800Z,1662,1093
20251013T0000Z,2529,1700
20251013T0600Z,1662,1138
20251013T1200Z,2529,1710
20251013T1800Z,1662,1111
20251014T0000Z,2529,1674
20251014T0600Z,1662,1130
20251014T1200Z,2529,1732
20251014T1800Z,1662,1109
20251015T0000Z,2529,1682
20251015T0600Z,1662,1126
20251015T1200Z,2529,1649
20251015T1800Z,1662,1092
20251016T0000Z,2529,1750
20251016T0600Z,1662,1071
20251016T1200Z,2529,1644
20251016T1800Z,1662,1113
20251017T0000Z,2529,1769
20251017T0600Z,1662,1100
20251017T1200Z,2529,1660
20251017T1800Z,1662,1097
20251018T0000Z,2529,1716
20251018T0600Z,1662,1105
20251018T1200Z,2529,1682
20251018T1800Z,1662,1121
20251019T0000Z,2529,1757
20251019T0600Z,1662,1130
20251019T1200Z,2529,1685
20251019T1800Z,1662,1089
20251020T0000Z,2529,1702
20251020T0600Z,1662,1125
20251020T1200Z,2529,1683
20251020T1800Z,1662,1108
20251021T0000Z,2529,1702
20251021T0600Z,1662,1066
20251021T1200Z,2529,1651
20251021T1800Z,1662,1084
20251022T0000Z,2529,1680
20251022T0600Z,1662,1069
20251022T1200Z,2529,1668
20251022T1800Z,1662,1100
20251023T0000Z,2529,1689
20251023T0600Z,1662,1102
20251023T1200Z,2529,1685
20251023T1800Z,1662,1125
20251024T0000Z,2529,1717
20251024T0600Z,1662,1104
20251024T1200Z,2529,1683
20251024T1800Z,1662,1075
20251025T0000Z,2529,1720
20251025T0600Z,1662,1108
20251025T1200Z,2529,1645
20251025T1800Z,1662,1107
20251026T0000Z,2529,1697
20251026T0600Z,1662,1095
20251026T1200Z,2529,1659
20251026T1800Z,1662,1109
20251027T0000Z,2529,1682
20251027T0600Z,1662,1119
20251027T1200Z,2529,1666
20251027T1800Z,1662,1149
20251028T0000Z,2529,1669
20251028T0600Z,1662,1110
20251028T1200Z,2529,1699
20251028T1800Z,1662,1119
20251029T0000Z,2529,1705
20251029T0600Z,1662,1107
20251029T1200Z,2529,1661
20251029T1800Z,1662,1075
20251030T0000Z,2529,1626
20251030T0600Z,1662,1092
20251030T1200Z,2529,1645
20251030T1800Z,1662,1118
20251031T0000Z,2529,1673
20251031T0600Z,1662,1095
20251031T1200Z,2529,1709
20251031T1800Z,1662,1108
20251101T0000Z,2529,2529
20251101T0600Z,1662,1635
20251101T1200Z,2529,2497
20251101T1800Z,1662,1638
20251102T0000Z,2529,2502
20251102T0600Z,1662,1654
20251102T1200Z,2529,2498
20251102T1800Z,1662,1647
20251103T0000Z,2529,2470
20251103T0600Z,1662,1660
20251103T1200Z,2529,2491
20251103T1800Z,1662,1658
20251104T0000Z,2529,2515
20251104T0600Z,1662,1662
20251104T1200Z,2529,2528
20251104T1800Z,1662,1635
20251105T0000Z,2529,2519
20251105T0600Z,1662,1642
20251105T1200Z,2529,2522
20251105T1800Z,1662,1639
20251106T0000Z,2529,2499
20251106T0600Z,1662,1660
20251106T1200Z,2529,2507
20251106T1800Z,1662,1655
20251107T0000Z,2529,2464
20251107T0600Z,1662,1600
20251107T1200Z,2529,2519
20251107T1800Z,1662,1658
20251108T0000Z,2529,2504
20251108T0600Z,1662,1641
20251108T1200Z,2529,2497
20251108T1800Z,1662,1624
20251109T0000Z,2529,2504
20251109T0600Z,1662,1233
20251109T1200Z,2529,1626
20251109T1800Z,1662,1091
20251110T0000Z,2529,1678
20251110T0600Z,1662,1098
20251110T1200Z,2529,1680
20251110T1800Z,1662,1047
20251111T0000Z,2529,1739
20251111T0600Z,1662,1106
20251111T1200Z,2529,1694
20251111T1800Z,1662,1151
20251112T0000Z,2529,1677
20251112T0600Z,1662,1082
20251112T1200Z,2529,1690
20251112T1800Z,1662,1114
20251113T0000Z,2529,1669
20251113T0600Z,1662,1123
20251113T1200Z,2529,1691
20251113T1800Z,1662,1132
20251114T0000Z,2529,1609
20251114T0600Z,1662,1085
20251114T1200Z,2529,1658
20251114T1800Z,1662,1082
20251115T0000Z,2529,1670
20251115T0600Z,1662,1117
20251115T1200Z,2529,1655
20251115T1800Z,1662,1120
20251116T0000Z,2529,1699
20251116T0600Z,1662,1116
20251116T1200Z,2529,1692
20251116T1800Z,1662,1116
20251117T0000Z,2529,1694
20251117T0600Z,1662,1100
20251117T1200Z,2529,1689
20251117T1800Z,1662,1110
20251118T0000Z,2529,1712
20251118T0600Z,1662,1115
20251118T1200Z,2529,1725
20251118T1800Z,1662,1144
20251119T0000Z,2529,1727
20251119T0600Z,1662,1103
20251119T1200Z,2529,1695
20251119T1800Z,1662,1112
20251120T0000Z,2529,1741
20251120T0600Z,1662,1109
20251120T1200Z,2529,1670
20251120T1800Z,1662,1087
20251121T0000Z,2529,1687
20251121T0600Z,1662,1100
20251121T1200Z,2529,1686
20251121T1800Z,1662,1123
20251122T0000Z,2529,1674
20251122T0600Z,1662,1111
20251122T1200Z,2529,1641
20251122T1800Z,1662,1140
20251123T0000Z,2529,1693
20251123T0600Z,1662,1107
20251123T1200Z,2529,1718
20251123T1800Z,1662,1120
20251124T0000Z,2529,1683
20251124T0600Z,1662,1111
20251124T1200Z,2529,1708
20251124T1800Z,1662,1103
20251125T0000Z,2529,1739
20251125T0600Z,1662,1110
20251125T1200Z,2529,1666
20251125T1800Z,1662,1077
20251126T0000Z,2529,1649
20251126T0600Z,1662,1103
20251126T1200Z,2529,1672
20251126T1800Z,1662,1102
20251127T0000Z,2529,1759
20251127T0600Z,1662,1126
20251127T1200Z,2529,1698
20251127T1800Z,1662,1108
20251128T0000Z,2529,1711
20251128T0600Z,1662,1150
20251128T1200Z,2529,1735
20251128T1800Z,1662,1135
20251129T0000Z,2529,1673
20251129T0600Z,1662,1091
20251129T1200Z,2529,1656
20251129T1800Z,1662,1177
20251130T0000Z,2529,1697
20251130T0600Z,1662,1138
20251130T1200Z,2529,1639
20251130T1800Z,1662,1094
20251201T0000Z,2529,2529
20251201T0600Z,1662,1662
20251201T1200Z,2529,2529
20251201T1800Z,1662,1662
20251202T0000Z,2529,2529
20251202T0600Z,1662,1662
20251202T1200Z,2529,2529
20251202T1800Z,1662,1662
20251203T0000Z,2529,2529
20251203T0600Z,1662,1662
20251203T1200Z,2529,2529
20251203T1800Z,1662,1662
20251204T0000Z,2529,2529
20251204T0600Z,1662,1662
20251204T1200Z,2529,2529
20251204T1800Z,1662,1662
20251205T0000Z,2529,2529
20251205T0600Z,1662,1662
20251205T1200Z,2529,2529
20251205T1800Z,1662,1662
20251206T0000Z,2529,2529
20251206T0600Z,1662,1662
20251206T1200Z,2529,2529
20251206T1800Z,1662,1662
20251207T0000Z,2529,2529
20251207T0600Z,1662,1662
20251207T1200Z,2529,2529
20251207T1800Z,1662,1662
20251208T0000Z,2529,2529
20251208T0600Z,1662,1662
20251208T1200Z,2529,2529
20251208T1800Z,1662,1662
20251209T0000Z,2529,2529
20251209T0600Z,1662,1662
20251209T1200Z,2529,2529
20251209T1800Z,1662,1662
20251210T0000Z,2529,2529
20251210T0600Z,1662,1662
20251210T1200Z,2529,2529
20251210T1800Z,1662,1507
20251211T0000Z,2529,1636
20251211T0600Z,1662,988
20251211T1200Z,2530,1597
20251211T1800Z,1663,1140
20251212T0000Z,2530,2530
20251212T0600Z,1663,1663
20251212T1200Z,2530,2530
20251212T1800Z,1663,1120
20251213T0000Z,2530,0
20251213T0600Z,1663,0
20251213T1200Z,2530,0
20251213T1800Z,1663,0
20251214T0000Z,2530,0
20251214T0600Z,1663,0
20251214T1200Z,2530,0
20251214T1800Z,1663,0
20251215T0000Z,2530,0
20251215T0600Z,1663,0
20251215T1200Z,2530,1689
20251215T1800Z,1663,1173
20251216T0000Z,2530,1721
20251216T0600Z,1663,1092
20251216T1200Z,2530,2530
20251216T1800Z,1663,1663
20251217T0000Z,2530,2530
20251217T0600Z,1663,1663
20251217T1200Z,2530,2530
20251217T1800Z,1663,1663
20251218T0000Z,2530,2530
20251218T0600Z,1663,1663
20251218T1200Z,2530,2530
20251218T1800Z,1663,1663
20251219T0000Z,2530,2530
20251219T0600Z,1663,1663
20251219T1200Z,2530,2530
20251219T1800Z,1663,1663
20251220T0000Z,2530,2530
20251220T0600Z,1663,1663
20251220T1200Z,2530,2530
20251220T1800Z,1663,1663
20251221T0000Z,2530,2530
20251221T0600Z,1663,1663
20251221T1200Z,2530,2530
20251221T1800Z,1663,1663
20251222T0000Z,2530,2530
20251222T0600Z,1663,1663
20251222T1200Z,2530,2530
20251222T1800Z,1663,1663
20251223T0000Z,2530,2530
20251223T0600Z,1663,1663
20251223T1200Z,2530,2530
20251223T1800Z,1663,1663
20251224T0000Z,2530,2530
20251224T0600Z,1663,1663
20251224T1200Z,2530,2530
20251224T1800Z,1663,1663
20251225T0000Z,2530,2530
20251225T0600Z,1663,1663
20251225T1200Z,2530,2530
20251225T1800Z,1663,1663
20251226T0000Z,2530,2530
20251226T0600Z,1663,1663
20251226T1200Z,2530,2530
20251226T1800Z,1663,1663
20251227T0000Z,2530,2530
20251227T0600Z,1663,1663
20251227T1200Z,2530,2530
20251227T1800Z,1663,1663
20251228T0000Z,2530,2530
20251228T0600Z,1663,1663
20251228T1200Z,2530,2530
20251228T1800Z,1663,1663
20251229T0000Z,2530,2530
20251229T0600Z,1663,1663
20251229T1200Z,2530,2530
20251229T1800Z,1663,1663
20251230T0000Z,2530,2530
20251230T0600Z,1663,1119
20251230T1200Z,2530,590
20251230T1800Z,1663,475
20251231T0000Z,2530,694
20251231T0600Z,1663,568
20251231T1200Z,2530,1010
20251231T1800Z,1663,707
20260101T0000Z,2530,2530
20260101T0600Z,1663,1663
20260101T1200Z,2530,2530
20260101T1800Z,1663,1663
20260102T0000Z,2530,2530
20260102T0600Z,1663,1663
20260102T1200Z,2530,2530
20260102T1800Z,1663,1663
20260103T0000Z,2530,2530
20260103T0600Z,1663,1663
20260103T1200Z,2530,2530
20260103T1800Z,1663,1663
20260104T0000Z,2530,2530
20260104T0600Z,1663,1663
20260104T1200Z,2530,2530
20260104T1800Z,1663,1663
20260105T0000Z,2530,2530
20260105T0600Z,1663,1663
20260105T1200Z,2530,2530
20260105T1800Z,1663,1663
20260106T0000Z,2530,2530
20260106T0600Z,1663,1663
20260106T1200Z,2530,2530
20260106T1800Z,1663,1663
20260107T0000Z,2530,2530
20260107T0600Z,1663,1663
20260107T1200Z,2530,2530
20260107T1800Z,1663,1663
20260108T0000Z,2530,2530
20260108T0600Z,1663,1663
20260108T1200Z,2530,2530
20260108T1800Z,1663,1663
20260109T0000Z,2530,2530
20260109T0600Z,1663,1663
20260109T1200Z,2530,2530
20260109T1800Z,1663,1663
20260110T0000Z,2530,2530
20260110T0600Z,1663,1663
20260110T1200Z,2530,2530
20260110T1800Z,1663,1663
20260111T0000Z,2530,2530
20260111T0600Z,1663,1663
20260111T1200Z,2530,2530
20260111T1800Z,1663,1663
20260112T0000Z,2530,2530
20260112T0600Z,1663,1663
20260112T1200Z,2530,2530
20260112T1800Z,1663,1663
20260113T0000Z,2530,2530
20260113T0600Z,1663,1663
20260113T1200Z,2530,2530
20260113T1800Z,1663,1663
20260114T0000Z,2530,2530
20260114T0600Z,1663,1663
20260114T1200Z,2530,2530
20260114T1800Z,1663,1663
20260115T0000Z,2530,2530
20260115T0600Z,1663,1663
20260115T1200Z,2530,2530
20260115T1800Z,1663,1663
20260116T0000Z,2530,2530
20260116T0600Z,1663,1663
20260116T1200Z,2530,2530
20260116T1800Z,1663,1663
20260117T0000Z,2530,2530
20260117T0600Z,1663,1663
20260117T1200Z,2530,2530
20260117T1800Z,1663,1663
20260118T0000Z,2530,2530
20260118T0600Z,1663,1663
20260118T1200Z,2530,2530
20260118T1800Z,1663,1663
20260119T0000Z,2530,2530
20260119T0600Z,1663,1663
20260119T1200Z,2530,2530
20260119T1800Z,1663,1663
20260120T0000Z,2530,2530
20260120T0600Z,1663,1663
20260120T1200Z,2530,2530
20260120T1800Z,1663,1663
20260121T0000Z,2530,2530
20260121T0600Z,1663,1663
20260121T1200Z,2569,2569
20260121T1800Z,1715,1715
20260122T0000Z,2569,2569
20260122T0600Z,1715,1715
20260122T1200Z,2569,2569
20260122T1800Z,1715,1715
20260123T0000Z,2569,2569
20260123T0600Z,1715,1715
20260123T1200Z,2569,2569
20260123T1800Z,1715,1715
20260124T0000Z,2569,2569
20260124T0600Z,1715,1715
20260124T1200Z,2569,2569
20260124T1800Z,1715,1715
20260125T0000Z,2569,2569
20260125T0600Z,1715,1715
20260125T1200Z,2569,2569
20260125T1800Z,1715,1715
20260126T0000Z,2569,2569
20260126T0600Z,1715,1715
20260126T1200Z,2569,2569
20260126T1800Z,1715,1715
20260127T0000Z,2569,2569
20260127T0600Z,1715,1715
20260127T1200Z,2569,2569
20260127T1800Z,1715,1715
20260128T0000Z,2569,2569
20260128T0600Z,1715,1715
20260128T1200Z,2569,2569
20260128T1800Z,1715,1715
20260129T0000Z,2569,2569
20260129T0600Z,1715,1715
20260129T1200Z,2569,2569
20260129T1800Z,1715,1715
20260130T0000Z,2569,2569
20260130T0600Z,1715,1715
20260130T1200Z,2569,2569
20260130T1800Z,1715,1715
20260131T0000Z,2569,2569
20260131T0600Z,1715,1715
20260131T1200Z,2569,2569
20260131T1800Z,1715,1715
20260201T0000Z,2569,2569
20260201T0600Z,1715,1715
20260201T1200Z,2569,2569
20260201T1800Z,1715,1715
20260202T0000Z,2569,2569
20260202T0600Z,1715,1564
20260202T1200Z,2569,2569
20260202T1800Z,1715,1715
20260203T0000Z,2569,2167
20260203T0600Z,1715,1715
20260203T1200Z,2569,2569
20260203T1800Z,1715,1715
20260204T0000Z,2569,2569
20260204T0600Z,1715,1715
20260204T1200Z,2569,2569
20260204T1800Z,1715,1715
20260205T0000Z,2569,2569
20260205T0600Z,1715,1715
20260205T1200Z,2569,2569
20260205T1800Z,1715,1715
20260206T0000Z,2569,2569
20260206T0600Z,1715,1715
20260206T1200Z,2569,2569
20260206T1800Z,1715,1715
20260207T0000Z,2569,2569
20260207T0600Z,1715,1715
20260207T1200Z,2569,2569
20260207T1800Z,1715,1715
20260208T0000Z,2569,2569
20260208T0600Z,1715,1715
20260208T1200Z,2569,2569
20260208T1800Z,1715,1715
20260209T0000Z,2569,2569
20260209T0600Z,1715,1715
20260209T1200Z,2569,2569
20260209T1800Z,1715,1437
20260210T0000Z,2569,2569
20260210T0600Z,1715,1715
20260210T1200Z,2569,2569
20260210T1800Z,1715,1715
20260211T0000Z,2569,2569
20260211T0600Z,1715,1361
20260211T1200Z,2569,2569
20260211T1800Z,1715,1715
20260212T0000Z,2569,2569
20260212T0600Z,1715,1715
20260212T1200Z,2569,2569
20260212T1800Z,1715,1715
20260213T0000Z,2569,2569
20260213T0600Z,1715,1715
20260213T1200Z,2569,2569
20260213T1800Z,1715,1715
20260214T0000Z,2569,2569
20260214T0600Z,1715,1715
20260214T1200Z,2569,2569
20260214T1800Z,1715,1715
20260215T0000Z,2569,2569
20260215T0600Z,1715,1715
20260215T1200Z,2569,2569
20260215T1800Z,1715,1715
20260216T0000Z,2569,2569
20260216T0600Z,1715,1715
20260216T1200Z,2569,2569
20260216T1800Z,1715,1299
20260217T0000Z,2569,2569
20260217T0600Z,1715,1715
20260217T1200Z,2569,2569
20260217T1800Z,1715,1715
20260218T0000Z,2569,1534
20260218T0600Z,1715,1205
20260218T1200Z,2569,2569
20260218T1800Z,1715,1715
20260219T0000Z,2569,2569
20260219T0600Z,1715,1715
20260219T1200Z,2569,2569
20260219T1800Z,1715,1715
20260220T0000Z,2569,2569
20260220T0600Z,1715,1715
20260220T1200Z,2569,2569
20260220T1800Z,1715,1715
20260221T0000Z,2569,2569
20260221T0600Z,1715,1715
20260221T1200Z,2569,2569
20260221T1800Z,1715,1715
20260222T0000Z,2569,2569
20260222T0600Z,1715,1715
20260222T1200Z,2569,2569
20260222T1800Z,1715,1715
20260223T0000Z,2569,2569
20260223T0600Z,1715,1715
20260223T1200Z,2569,2569
20260223T1800Z,1715,1715
20260224T0000Z,2569,2569
20260224T0600Z,1715,1715
20260224T1200Z,2569,2569
20260224T1800Z,1715,21
20260225T0000Z,2569,2569
20260225T0600Z,1715,1715
20260225T1200Z,2569,2569
20260225T1800Z,1715,1715
20260226T0000Z,2569,2569
20260226T0600Z,1715,1715
20260226T1200Z,2569,2569
20260226T1800Z,1715,1715
20260227T0000Z,2569,2569
20260227T0600Z,1715,1715
20260227T1200Z,2569,2569
20260227T1800Z,1715,1715
20260228T0000Z,2569,2569
20260228T0600Z,1715,1715
20260228T1200Z,2569,2569
20260228T1800Z,1715,1715
20260301T0000Z,2569,2569
20260301T0600Z,1715,1715
20260301T1200Z,2569,2569
20260301T1800Z,1715,1715
20260302T0000Z,2569,2569
20260302T0600Z,1715,1715
20260302T1200Z,2569,2569
20260302T1800Z,1715,1715
20260303T0000Z,2569,2569
20260303T0600Z,1715,1715
20260303T1200Z,2569,2569
20260303T1800Z,1715,1715
20260304T0000Z,2569,2569
20260304T0600Z,1715,965
20260304T1200Z,2569,2569
20260304T1800Z,1715,1715
20260305T0000Z,2569,2569
20260305T0600Z,1715,1715
20260305T1200Z,2569,2569
20260305T1800Z,1715,1715
20260306T0000Z,2569,2569
20260306T0600Z,1715,1715
20260306T1200Z,2569,2569
20260306T1800Z,1715,1715
20260307T0000Z,2569,2569
20260307T0600Z,1715,1715
20260307T1200Z,2569,2569
20260307T1800Z,1715,1715
20260308T0000Z,2569,2569
20260308T0600Z,1715,1715
20260308T1200Z,2569,2569
20260308T1800Z,1715,1715
20260309T0000Z,2569,2569
20260309T0600Z,1715,1715
20260309T1200Z,2569,2569
20260309T1800Z,1715,1715
20260310T0000Z,2569,2569
20260310T0600Z,1715,1715
20260310T1200Z,2569,2569
20260310T1800Z,1715,1715
20260311T0000Z,2569,1507
20260311T0600Z,1715,1715
20260311T1200Z,2569,2569
20260311T1800Z,1715,1715
20260312T0000Z,2569,2569
20260312T0600Z,1715,1715
20260312T1200Z,2569,2569
20260312T1800Z,1715,1715
20260313T0000Z,2569,2569
20260313T0600Z,1715,1715
20260313T1200Z,2569,2569
20260313T1800Z,1715,1715
20260314T0000Z,2569,2569
20260314T0600Z,1715,1715
20260314T1200Z,2569,2569
20260314T1800Z,1715,1715
20260315T0000Z,2569,2569
20260315T0600Z,1715,1715
20260315T1200Z,2569,2569
20260315T1800Z,1715,1715
20260316T0000Z,2569,2569
20260316T0600Z,1715,1715
20260316T1200Z,2569,2569
20260316T1800Z,1715,1715
20260317T0000Z,2569,2569
20260317T0600Z,1715,1715
20260317T1200Z,2569,2569
